"gene","module","MM","GS","GS_trait","hubScore"
"PDZD4","turquoise",0.927,-0.359,"status_Tumor",0.333
"RNF150","turquoise",0.917,-0.255,"status_Tumor",0.234
"FHL1","turquoise",0.912,-0.407,"status_Tumor",0.371
"MAPK10","turquoise",0.912,-0.311,"status_Tumor",0.283
"ANK2","turquoise",0.91,-0.277,"status_Tumor",0.253
"CLIP3","turquoise",0.91,-0.271,"status_Tumor",0.247
"BHMT2","turquoise",0.909,-0.336,"status_Tumor",0.305
"C14orf132","turquoise",0.909,-0.304,"status_Tumor",0.276
"GNAO1","turquoise",0.908,-0.286,"status_Tumor",0.26
"ADAM33","turquoise",0.906,-0.284,"status_Tumor",0.257
"GPRASP1","turquoise",0.906,-0.248,"status_Tumor",0.225
"DACT3","turquoise",0.905,-0.311,"status_Tumor",0.281
"METTL24","turquoise",0.904,-0.337,"status_Tumor",0.305
"ANGPTL1","turquoise",0.903,-0.356,"status_Tumor",0.321
"MAP6","turquoise",0.903,-0.326,"status_Tumor",0.294
"JAM2","turquoise",0.902,-0.366,"status_Tumor",0.33
"ADAMTS9-AS2","turquoise",0.899,-0.34,"status_Tumor",0.306
"HSPB6","turquoise",0.899,-0.325,"status_Tumor",0.292
"AOC3","turquoise",0.898,-0.298,"status_Tumor",0.268
"TNS1","turquoise",0.898,-0.257,"status_Tumor",0.231
"STON1","turquoise",0.897,-0.243,"status_Tumor",0.218
"PGR","turquoise",0.896,-0.301,"status_Tumor",0.27
"SCN7A","turquoise",0.895,-0.356,"status_Tumor",0.319
"SPARCL1","turquoise",0.895,-0.259,"status_Tumor",0.232
"ZNF135","turquoise",0.894,-0.283,"status_Tumor",0.253
"PGM5","turquoise",0.893,-0.382,"status_Tumor",0.341
"LMOD1","turquoise",0.893,-0.348,"status_Tumor",0.311
"C8orf88","turquoise",0.893,-0.336,"status_Tumor",0.3
"IRAG1","turquoise",0.893,-0.25,"status_Tumor",0.224
"ATP1A2","turquoise",0.892,-0.394,"status_Tumor",0.351
"TMEM35A","turquoise",0.892,-0.39,"status_Tumor",0.348
"NEGR1","turquoise",0.892,-0.347,"status_Tumor",0.31
"RERG","turquoise",0.891,-0.247,"status_Tumor",0.22
"ZCCHC24","turquoise",0.891,-0.227,"status_Tumor",0.202
"PYGM","turquoise",0.89,-0.397,"status_Tumor",0.354
"ATP1B2","turquoise",0.89,-0.326,"status_Tumor",0.29
"MSRB3","turquoise",0.89,-0.262,"status_Tumor",0.233
"MPDZ","turquoise",0.89,-0.167,"status_Tumor",0.148
"RBMS3","turquoise",0.89,-0.152,"status_Tumor",0.135
"MYLK","turquoise",0.889,-0.263,"status_Tumor",0.234
"PKNOX2","turquoise",0.888,-0.376,"status_Tumor",0.334
"ARHGEF25","turquoise",0.888,-0.332,"status_Tumor",0.295
"PRICKLE2","turquoise",0.888,-0.256,"status_Tumor",0.227
"GHR","turquoise",0.887,-0.401,"status_Tumor",0.356
"LIMS2","turquoise",0.887,-0.333,"status_Tumor",0.296
"MIR100HG","turquoise",0.886,-0.203,"status_Tumor",0.18
"RGMA","turquoise",0.884,-0.284,"status_Tumor",0.251
"BOC","turquoise",0.882,-0.235,"status_Tumor",0.208
"SYNPO2","turquoise",0.881,-0.3,"status_Tumor",0.264
"JAM3","turquoise",0.881,-0.249,"status_Tumor",0.219
"NAP1L3","turquoise",0.881,-0.166,"status_Tumor",0.146
"HSPB8","turquoise",0.88,-0.405,"status_Tumor",0.356
"RTL5","turquoise",0.88,-0.305,"status_Tumor",0.268
"EML1","turquoise",0.88,-0.257,"status_Tumor",0.227
"ADAMTSL3","turquoise",0.879,-0.284,"status_Tumor",0.249
"DZIP1","turquoise",0.879,-0.225,"status_Tumor",0.198
"KCNB1","turquoise",0.878,-0.344,"status_Tumor",0.302
"SETBP1","turquoise",0.878,-0.28,"status_Tumor",0.246
"CASQ2","turquoise",0.877,-0.375,"status_Tumor",0.329
"LDB3","turquoise",0.877,-0.35,"status_Tumor",0.306
"SCN2B","turquoise",0.877,-0.305,"status_Tumor",0.267
"ADCY5","turquoise",0.877,-0.283,"status_Tumor",0.248
"MAGI2-AS3","turquoise",0.877,-0.202,"status_Tumor",0.177
"NACAD","turquoise",0.876,-0.294,"status_Tumor",0.258
"RNF180","turquoise",0.876,-0.287,"status_Tumor",0.251
"RBPMS2","turquoise",0.875,-0.361,"status_Tumor",0.315
"ECRG4","turquoise",0.874,-0.414,"status_Tumor",0.361
"APBB1","turquoise",0.874,-0.288,"status_Tumor",0.251
"NDN","turquoise",0.873,-0.334,"status_Tumor",0.292
"PLN","turquoise",0.873,-0.329,"status_Tumor",0.287
"CAND2","turquoise",0.873,-0.262,"status_Tumor",0.229
"ADGRB3","turquoise",0.872,-0.291,"status_Tumor",0.254
"MYL9","turquoise",0.871,-0.335,"status_Tumor",0.292
"AR","turquoise",0.871,-0.292,"status_Tumor",0.254
"MRGPRF","turquoise",0.871,-0.266,"status_Tumor",0.231
"GRIK5","turquoise",0.871,-0.258,"status_Tumor",0.225
"MAMDC2","turquoise",0.87,-0.463,"status_Tumor",0.403
"PDLIM3","turquoise",0.87,-0.261,"status_Tumor",0.227
"MYH11","turquoise",0.869,-0.332,"status_Tumor",0.289
"SALL2","turquoise",0.869,-0.262,"status_Tumor",0.227
"SFRP1","turquoise",0.868,-0.389,"status_Tumor",0.338
"ACTA2","turquoise",0.868,-0.281,"status_Tumor",0.244
"CPED1","turquoise",0.868,-0.276,"status_Tumor",0.239
"FGF2","turquoise",0.868,-0.262,"status_Tumor",0.227
"SLC22A17","turquoise",0.866,-0.366,"status_Tumor",0.316
"HSPB7","turquoise",0.865,-0.285,"status_Tumor",0.247
"BEND5","turquoise",0.864,-0.359,"status_Tumor",0.31
"FXYD6","turquoise",0.864,-0.326,"status_Tumor",0.282
"NOVA1","turquoise",0.864,-0.297,"status_Tumor",0.257
"TAGLN","turquoise",0.864,-0.296,"status_Tumor",0.256
"DAAM2","turquoise",0.863,-0.322,"status_Tumor",0.277
"TMEM47","turquoise",0.863,-0.234,"status_Tumor",0.202
"ZFPM2","turquoise",0.862,-0.219,"status_Tumor",0.189
"FRRS1L","turquoise",0.861,-0.282,"status_Tumor",0.243
"ADCYAP1R1","turquoise",0.86,-0.403,"status_Tumor",0.347
"NFASC","turquoise",0.86,-0.226,"status_Tumor",0.194
"MAP1B","turquoise",0.86,-0.184,"status_Tumor",0.158
"CPEB1","turquoise",0.859,-0.318,"status_Tumor",0.273
"TCEAL7","turquoise",0.859,-0.289,"status_Tumor",0.248
"ZNF667-AS1","turquoise",0.859,-0.285,"status_Tumor",0.244
"SETBP1-DT","turquoise",0.859,-0.256,"status_Tumor",0.22
"SLIT2","turquoise",0.859,-0.21,"status_Tumor",0.18
"NAP1L2","turquoise",0.858,-0.387,"status_Tumor",0.332
"NEXMIF","turquoise",0.858,-0.363,"status_Tumor",0.311
"MYOCD","turquoise",0.858,-0.317,"status_Tumor",0.272
"CDO1","turquoise",0.858,-0.279,"status_Tumor",0.24
"ZDHHC15","turquoise",0.858,-0.279,"status_Tumor",0.239
"PDE1A","turquoise",0.858,-0.246,"status_Tumor",0.211
"ABCC9","turquoise",0.858,-0.123,"status_Tumor",0.106
"ZNF471","turquoise",0.857,-0.326,"status_Tumor",0.279
"NECAB1","turquoise",0.857,-0.289,"status_Tumor",0.248
"JPH2","turquoise",0.857,-0.285,"status_Tumor",0.244
"FOXP2","turquoise",0.857,-0.269,"status_Tumor",0.231
"INMT","turquoise",0.857,-0.181,"status_Tumor",0.155
"PLP1","turquoise",0.856,-0.47,"status_Tumor",0.402
"ABI3BP","turquoise",0.856,-0.317,"status_Tumor",0.271
"KCNMB1","turquoise",0.855,-0.352,"status_Tumor",0.301
"CAVIN2","turquoise",0.855,-0.325,"status_Tumor",0.278
"VIPR2","turquoise",0.855,-0.305,"status_Tumor",0.261
"OGN","turquoise",0.855,-0.23,"status_Tumor",0.196
"GSTM5","turquoise",0.854,-0.462,"status_Tumor",0.395
"BVES","turquoise",0.854,-0.282,"status_Tumor",0.241
"DDR2","turquoise",0.854,-0.186,"status_Tumor",0.159
"LINC01354","turquoise",0.853,-0.353,"status_Tumor",0.301
"CNN1","turquoise",0.853,-0.318,"status_Tumor",0.272
"NUDT10","turquoise",0.853,-0.3,"status_Tumor",0.256
"KCNMA1","turquoise",0.853,-0.256,"status_Tumor",0.219
"PDZRN4","turquoise",0.852,-0.347,"status_Tumor",0.296
"PEG3","turquoise",0.852,-0.276,"status_Tumor",0.235
"CNKSR2","turquoise",0.851,-0.23,"status_Tumor",0.196
"CPXM2","turquoise",0.851,-0.173,"status_Tumor",0.147
"PGM5-AS1","turquoise",0.85,-0.448,"status_Tumor",0.381
"NR2F1-AS1","turquoise",0.85,-0.239,"status_Tumor",0.204
"SORCS1","turquoise",0.849,-0.391,"status_Tumor",0.332
"SGCA","turquoise",0.849,-0.374,"status_Tumor",0.318
"PDE2A","turquoise",0.849,-0.37,"status_Tumor",0.314
"TMOD1","turquoise",0.849,-0.36,"status_Tumor",0.306
"TCEAL2","turquoise",0.849,-0.323,"status_Tumor",0.274
"C1QTNF7","turquoise",0.849,-0.316,"status_Tumor",0.268
"STUM","turquoise",0.849,-0.292,"status_Tumor",0.248
"DTNA","turquoise",0.847,-0.254,"status_Tumor",0.215
"RCAN2","turquoise",0.846,-0.373,"status_Tumor",0.315
"MFAP4","turquoise",0.846,-0.333,"status_Tumor",0.282
"TUB","turquoise",0.846,-0.26,"status_Tumor",0.22
"INSYN1","turquoise",0.845,-0.366,"status_Tumor",0.309
"CHRDL1","turquoise",0.845,-0.318,"status_Tumor",0.268
"ARHGAP20","turquoise",0.845,-0.294,"status_Tumor",0.248
"FILIP1","turquoise",0.845,-0.225,"status_Tumor",0.19
"ARMCX1","turquoise",0.844,-0.322,"status_Tumor",0.271
"TMEM59L","turquoise",0.844,-0.296,"status_Tumor",0.25
"FGF10","turquoise",0.844,-0.232,"status_Tumor",0.196
"SYNC","turquoise",0.844,-0.232,"status_Tumor",0.195
"PRELP","turquoise",0.844,-0.228,"status_Tumor",0.193
"PCDH9","turquoise",0.844,-0.223,"status_Tumor",0.189
"ANGPTL7","turquoise",0.843,-0.329,"status_Tumor",0.277
"SYNE1","turquoise",0.843,-0.195,"status_Tumor",0.164
"CADM3","turquoise",0.842,-0.456,"status_Tumor",0.384
"CRYAB","turquoise",0.842,-0.393,"status_Tumor",0.331
"FAM13C","turquoise",0.842,-0.283,"status_Tumor",0.239
"NHSL2","turquoise",0.841,-0.117,"status_Tumor",0.099
"HAND2-AS1","turquoise",0.84,-0.211,"status_Tumor",0.177
"DCLK2","turquoise",0.84,-0.188,"status_Tumor",0.158
"TMEM100","turquoise",0.839,-0.441,"status_Tumor",0.37
"SORBS1","turquoise",0.839,-0.309,"status_Tumor",0.26
"SPEG","turquoise",0.839,-0.247,"status_Tumor",0.207
"DPYSL3","turquoise",0.839,-0.082,"status_Tumor",0.069
"LGI4","turquoise",0.838,-0.398,"status_Tumor",0.333
"GAS1RR","turquoise",0.837,-0.348,"status_Tumor",0.292
"NLGN1","turquoise",0.837,-0.315,"status_Tumor",0.264
"ANKS1B","turquoise",0.837,-0.291,"status_Tumor",0.244
"NXPH3","turquoise",0.837,-0.274,"status_Tumor",0.23
"PDE7B","turquoise",0.837,-0.252,"status_Tumor",0.211
"ABCA9","turquoise",0.837,-0.235,"status_Tumor",0.197
"ZNF835","turquoise",0.837,-0.219,"status_Tumor",0.183
"CALD1","turquoise",0.837,-0.153,"status_Tumor",0.128
"SCN4B","turquoise",0.836,-0.314,"status_Tumor",0.262
"SYNM","turquoise",0.834,-0.303,"status_Tumor",0.253
"C7","turquoise",0.834,-0.288,"status_Tumor",0.24
"ATP8B2","turquoise",0.834,-0.245,"status_Tumor",0.204
"PRIMA1","turquoise",0.833,-0.41,"status_Tumor",0.342
"ZNF853","turquoise",0.833,-0.25,"status_Tumor",0.208
"DCLK1","turquoise",0.832,-0.246,"status_Tumor",0.205
"REEP2","turquoise",0.831,-0.271,"status_Tumor",0.225
"ABCA8","turquoise",0.83,-0.352,"status_Tumor",0.292
"CPE","turquoise",0.83,-0.344,"status_Tumor",0.285
"SSC5D","turquoise",0.83,-0.183,"status_Tumor",0.152
"RSPO1","turquoise",0.829,-0.291,"status_Tumor",0.241
"ROR2","turquoise",0.829,-0.236,"status_Tumor",0.196
"BNC2","turquoise",0.829,-0.145,"status_Tumor",0.12
"RUNX1T1","turquoise",0.829,-0.12,"status_Tumor",0.1
"TMEM252","turquoise",0.828,-0.36,"status_Tumor",0.298
"PDZRN3","turquoise",0.828,-0.309,"status_Tumor",0.256
"LINC03007","turquoise",0.828,-0.286,"status_Tumor",0.237
"ITGA9","turquoise",0.828,-0.223,"status_Tumor",0.184
"FGFR1","turquoise",0.828,-0.179,"status_Tumor",0.148
"MEF2C-AS1","turquoise",0.827,-0.383,"status_Tumor",0.317
"ADCY2","turquoise",0.827,-0.242,"status_Tumor",0.201
"GALNT16","turquoise",0.827,-0.227,"status_Tumor",0.188
"GPM6A","turquoise",0.826,-0.389,"status_Tumor",0.321
"LOC107985177","turquoise",0.826,-0.299,"status_Tumor",0.247
"MICU3","turquoise",0.826,-0.293,"status_Tumor",0.242
"ZBTB16","turquoise",0.825,-0.391,"status_Tumor",0.322
"KCNT2","turquoise",0.825,-0.191,"status_Tumor",0.158
"MAP1A","turquoise",0.825,-0.098,"status_Tumor",0.081
"ZNF385D","turquoise",0.824,-0.21,"status_Tumor",0.173
"ITGA7","turquoise",0.824,-0.198,"status_Tumor",0.163
"VSTM4","turquoise",0.824,-0.172,"status_Tumor",0.142
"FAXDC2","turquoise",0.823,-0.386,"status_Tumor",0.317
"BCHE","turquoise",0.823,-0.344,"status_Tumor",0.283
"PLPP7","turquoise",0.823,-0.225,"status_Tumor",0.185
"SRPX","turquoise",0.822,-0.351,"status_Tumor",0.289
"MBNL1-AS1","turquoise",0.822,-0.214,"status_Tumor",0.176
"CMYA5","turquoise",0.822,-0.115,"status_Tumor",0.094
"RAI2","turquoise",0.821,-0.306,"status_Tumor",0.251
"SLIT3","turquoise",0.821,-0.225,"status_Tumor",0.184
"SOX10","turquoise",0.82,-0.372,"status_Tumor",0.305
"ASB2","turquoise",0.82,-0.345,"status_Tumor",0.283
"DMD","turquoise",0.82,-0.295,"status_Tumor",0.242
"PLIN4","turquoise",0.819,-0.348,"status_Tumor",0.285
"TCEAL5","turquoise",0.819,-0.324,"status_Tumor",0.266
"ITIH5","turquoise",0.819,-0.298,"status_Tumor",0.244
"NRXN3","turquoise",0.819,-0.165,"status_Tumor",0.135
"PLCD4","turquoise",0.818,-0.369,"status_Tumor",0.302
"SCRG1","turquoise",0.818,-0.104,"status_Tumor",0.085
"MGP","turquoise",0.817,-0.128,"status_Tumor",0.105
"DLG2","turquoise",0.816,-0.309,"status_Tumor",0.252
"ACTG2","turquoise",0.816,-0.308,"status_Tumor",0.251
"EPHA7","turquoise",0.816,-0.26,"status_Tumor",0.212
"LRRN4CL","turquoise",0.815,-0.33,"status_Tumor",0.269
"LRFN5","turquoise",0.815,-0.284,"status_Tumor",0.232
"FAM107A","turquoise",0.814,-0.455,"status_Tumor",0.37
"FNDC5","turquoise",0.814,-0.376,"status_Tumor",0.306
"KCNK3","turquoise",0.814,-0.339,"status_Tumor",0.276
"AKAP6","turquoise",0.814,-0.272,"status_Tumor",0.222
"ZNF677","turquoise",0.814,-0.27,"status_Tumor",0.22
"PODN","turquoise",0.814,-0.179,"status_Tumor",0.146
"KIAA0408","turquoise",0.813,-0.335,"status_Tumor",0.272
"NIBAN1","turquoise",0.813,-0.328,"status_Tumor",0.267
"ZNF423","turquoise",0.813,-0.111,"status_Tumor",0.091
"LMO3","turquoise",0.812,-0.195,"status_Tumor",0.158
"GLI3","turquoise",0.812,-0.193,"status_Tumor",0.156
"COL14A1","turquoise",0.812,-0.161,"status_Tumor",0.131
"GREM2","turquoise",0.811,-0.3,"status_Tumor",0.243
"AGTR1","turquoise",0.811,-0.282,"status_Tumor",0.229
"SMOC2","turquoise",0.811,-0.236,"status_Tumor",0.192
"CACNA1H","turquoise",0.811,-0.226,"status_Tumor",0.183
"ABCA6","turquoise",0.811,-0.221,"status_Tumor",0.179
"GNAO1-DT","turquoise",0.811,-0.214,"status_Tumor",0.174
"NRXN1","turquoise",0.81,-0.389,"status_Tumor",0.315
"BVES-AS1","turquoise",0.81,-0.31,"status_Tumor",0.251
"FAT3","turquoise",0.81,-0.25,"status_Tumor",0.203
"FLNC","turquoise",0.81,-0.226,"status_Tumor",0.183
"HDGFL3","turquoise",0.81,-0.172,"status_Tumor",0.139
"CNTN1","turquoise",0.809,-0.281,"status_Tumor",0.228
"FOXF1","turquoise",0.808,-0.317,"status_Tumor",0.256
"NPAS3","turquoise",0.808,-0.249,"status_Tumor",0.201
"PMP2","turquoise",0.807,-0.414,"status_Tumor",0.334
"RBM24","turquoise",0.807,-0.277,"status_Tumor",0.224
"FGF14-AS2","turquoise",0.806,-0.339,"status_Tumor",0.273
"PSD","turquoise",0.806,-0.294,"status_Tumor",0.237
"NBEA","turquoise",0.806,-0.22,"status_Tumor",0.178
"KCNA5","turquoise",0.805,-0.406,"status_Tumor",0.327
"SLC2A4","turquoise",0.805,-0.381,"status_Tumor",0.306
"DUSP26","turquoise",0.805,-0.355,"status_Tumor",0.286
"PRUNE2","turquoise",0.805,-0.247,"status_Tumor",0.199
"MIR99AHG","turquoise",0.805,-0.163,"status_Tumor",0.131
"RAB9B","turquoise",0.804,-0.298,"status_Tumor",0.239
"NTRK3","turquoise",0.804,-0.272,"status_Tumor",0.219
"CACNB2","turquoise",0.804,-0.227,"status_Tumor",0.183
"USP51","turquoise",0.804,-0.212,"status_Tumor",0.17
"PTGIS","turquoise",0.804,-0.198,"status_Tumor",0.159
"LINC02884","turquoise",0.803,-0.289,"status_Tumor",0.232
"SYPL2","turquoise",0.803,-0.187,"status_Tumor",0.15
"CCDC69","turquoise",0.802,-0.419,"status_Tumor",0.336
"ARHGEF26","turquoise",0.802,-0.322,"status_Tumor",0.258
"FBLN5","turquoise",0.802,-0.156,"status_Tumor",0.125
"FGF7","turquoise",0.802,-0.112,"status_Tumor",0.09
"ZSCAN18","turquoise",0.801,-0.331,"status_Tumor",0.265
"LDOC1","turquoise",0.8,-0.324,"status_Tumor",0.259
"FLNA","turquoise",0.8,-0.221,"status_Tumor",0.177
"MN1","turquoise",0.8,-0.145,"status_Tumor",0.116
"SGCD","turquoise",0.8,-0.129,"status_Tumor",0.103
"PTH1R","turquoise",0.799,-0.371,"status_Tumor",0.296
"RADIL","turquoise",0.799,-0.342,"status_Tumor",0.274
"TSPAN2","turquoise",0.799,-0.243,"status_Tumor",0.195
"PCDH10","turquoise",0.799,-0.197,"status_Tumor",0.157
"ENOX1","turquoise",0.799,-0.094,"status_Tumor",0.075
"SSBP2","turquoise",0.798,-0.373,"status_Tumor",0.297
"PPP1R14A","turquoise",0.798,-0.333,"status_Tumor",0.265
"AARD","turquoise",0.798,-0.321,"status_Tumor",0.256
"NPR1","turquoise",0.798,-0.318,"status_Tumor",0.254
"PPP1R12B","turquoise",0.798,-0.245,"status_Tumor",0.196
"PCDHB4","turquoise",0.798,-0.195,"status_Tumor",0.155
"CDH19","turquoise",0.797,-0.353,"status_Tumor",0.281
"TNXB","turquoise",0.797,-0.35,"status_Tumor",0.279
"TMTC1","turquoise",0.797,-0.249,"status_Tumor",0.199
"MIR145","turquoise",0.797,-0.204,"status_Tumor",0.163
"ARMCX2","turquoise",0.797,-0.198,"status_Tumor",0.158
"ZNF667","turquoise",0.797,-0.171,"status_Tumor",0.136
"NEXN","turquoise",0.796,-0.213,"status_Tumor",0.169
"POPDC2","turquoise",0.796,-0.155,"status_Tumor",0.123
"LAMA2","turquoise",0.795,-0.203,"status_Tumor",0.162
"ADGRD1","turquoise",0.795,-0.193,"status_Tumor",0.154
"BMPER","turquoise",0.794,-0.334,"status_Tumor",0.265
"PTGER3","turquoise",0.794,-0.263,"status_Tumor",0.209
"SMAD9","turquoise",0.794,-0.255,"status_Tumor",0.202
"CYP1B1-AS1","turquoise",0.794,-0.255,"status_Tumor",0.202
"TLL1","turquoise",0.794,-0.246,"status_Tumor",0.195
"PRKAR2B","turquoise",0.793,-0.351,"status_Tumor",0.279
"SHISAL1","turquoise",0.793,-0.229,"status_Tumor",0.181
"GFRA1","turquoise",0.792,-0.356,"status_Tumor",0.282
"TXLNB","turquoise",0.792,-0.331,"status_Tumor",0.262
"MCC","turquoise",0.792,-0.282,"status_Tumor",0.224
"KIRREL3","turquoise",0.791,-0.262,"status_Tumor",0.208
"MAPK4","turquoise",0.79,-0.309,"status_Tumor",0.244
"GLP2R","turquoise",0.79,-0.285,"status_Tumor",0.225
"PALM","turquoise",0.79,-0.252,"status_Tumor",0.199
"FMN2","turquoise",0.79,-0.189,"status_Tumor",0.149
"RIC3","turquoise",0.789,-0.317,"status_Tumor",0.25
"ZFP28","turquoise",0.789,-0.284,"status_Tumor",0.224
"GYPC","turquoise",0.788,-0.354,"status_Tumor",0.279
"MAGEE1","turquoise",0.788,-0.277,"status_Tumor",0.218
"CHRM2","turquoise",0.788,-0.25,"status_Tumor",0.197
"LOC124909397","turquoise",0.787,-0.338,"status_Tumor",0.266
"ADAMTS8","turquoise",0.787,-0.23,"status_Tumor",0.181
"HAND2","turquoise",0.787,-0.207,"status_Tumor",0.163
"CACNA1C","turquoise",0.787,-0.108,"status_Tumor",0.085
"NCAM1","turquoise",0.786,-0.417,"status_Tumor",0.328
"MAB21L1","turquoise",0.786,-0.387,"status_Tumor",0.305
"CADM2","turquoise",0.785,-0.402,"status_Tumor",0.315
"CNR1","turquoise",0.785,-0.248,"status_Tumor",0.195
"BEX4","turquoise",0.784,-0.353,"status_Tumor",0.277
"DES","turquoise",0.784,-0.304,"status_Tumor",0.239
"S1PR3","turquoise",0.784,-0.114,"status_Tumor",0.089
"PDE3A","turquoise",0.784,-0.084,"status_Tumor",0.066
"DPP6","turquoise",0.783,-0.372,"status_Tumor",0.291
"AFF3","turquoise",0.783,-0.367,"status_Tumor",0.287
"TPM2","turquoise",0.783,-0.267,"status_Tumor",0.209
"AOX1","turquoise",0.783,-0.234,"status_Tumor",0.183
"AKAP12","turquoise",0.783,-0.195,"status_Tumor",0.152
"CCDC80","turquoise",0.783,-0.13,"status_Tumor",0.102
"STMN2","turquoise",0.782,-0.233,"status_Tumor",0.182
"GNAL","turquoise",0.782,-0.226,"status_Tumor",0.176
"GLRB","turquoise",0.782,-0.185,"status_Tumor",0.145
"ACTA2-AS1","turquoise",0.782,-0.123,"status_Tumor",0.096
"RASSF8","turquoise",0.782,-0.066,"status_Tumor",0.052
"TNFAIP8L3","turquoise",0.781,-0.367,"status_Tumor",0.287
"CYBRD1","turquoise",0.781,-0.337,"status_Tumor",0.263
"FBLN1","turquoise",0.781,-0.267,"status_Tumor",0.208
"SLITRK5","turquoise",0.781,-0.219,"status_Tumor",0.171
"AMOTL1","turquoise",0.781,-0.183,"status_Tumor",0.143
"ACKR1","turquoise",0.78,-0.34,"status_Tumor",0.265
"EPHA6","turquoise",0.78,-0.296,"status_Tumor",0.231
"FAM229B","turquoise",0.78,-0.289,"status_Tumor",0.225
"CNTNAP1","turquoise",0.78,0.038,"status_Tumor",0.03
"HOXA4","turquoise",0.779,-0.348,"status_Tumor",0.271
"TACR1","turquoise",0.779,-0.32,"status_Tumor",0.25
"NGFR","turquoise",0.779,-0.183,"status_Tumor",0.143
"DSEL","turquoise",0.779,-0.172,"status_Tumor",0.134
"LTBP1","turquoise",0.779,-0.093,"status_Tumor",0.072
"FGF14","turquoise",0.778,-0.26,"status_Tumor",0.202
"CAP2","turquoise",0.778,-0.201,"status_Tumor",0.156
"SVEP1","turquoise",0.778,-0.187,"status_Tumor",0.145
"FAM124A","turquoise",0.778,-0.126,"status_Tumor",0.098
"PIANP","turquoise",0.777,-0.304,"status_Tumor",0.236
"SPON1","turquoise",0.776,-0.22,"status_Tumor",0.171
"VIP","turquoise",0.775,-0.284,"status_Tumor",0.22
"SOBP","turquoise",0.775,-0.273,"status_Tumor",0.212
"ADAM23","turquoise",0.775,-0.179,"status_Tumor",0.139
"SLITRK3","turquoise",0.774,-0.397,"status_Tumor",0.307
"SCUBE2","turquoise",0.774,-0.384,"status_Tumor",0.297
"SPART","turquoise",0.774,-0.289,"status_Tumor",0.224
"PHLDB2","turquoise",0.774,-0.154,"status_Tumor",0.119
"KLHL4","turquoise",0.774,-0.135,"status_Tumor",0.104
"ARK2C","turquoise",0.773,-0.244,"status_Tumor",0.189
"BARX1-DT","turquoise",0.773,-0.232,"status_Tumor",0.18
"SMIM10","turquoise",0.773,-0.206,"status_Tumor",0.159
"ADH1B","turquoise",0.772,-0.389,"status_Tumor",0.3
"BMERB1","turquoise",0.772,-0.28,"status_Tumor",0.216
"SLC35F1","turquoise",0.772,-0.223,"status_Tumor",0.172
"FRZB","turquoise",0.771,-0.175,"status_Tumor",0.135
"PDE1B","turquoise",0.77,-0.262,"status_Tumor",0.201
"CORO2B","turquoise",0.769,-0.273,"status_Tumor",0.21
"NR2F1","turquoise",0.769,-0.203,"status_Tumor",0.156
"SGCE","turquoise",0.769,-0.197,"status_Tumor",0.151
"NTN1","turquoise",0.768,-0.363,"status_Tumor",0.278
"CLIP4","turquoise",0.768,-0.268,"status_Tumor",0.206
"ASTN1","turquoise",0.768,-0.238,"status_Tumor",0.183
"MYOC","turquoise",0.767,-0.528,"status_Tumor",0.405
"RXRG","turquoise",0.767,-0.507,"status_Tumor",0.388
"XKR4","turquoise",0.767,-0.361,"status_Tumor",0.277
"CYS1","turquoise",0.766,-0.23,"status_Tumor",0.176
"GFRA2","turquoise",0.765,-0.44,"status_Tumor",0.336
"GRIK3","turquoise",0.765,-0.386,"status_Tumor",0.296
"RNF217","turquoise",0.765,-0.224,"status_Tumor",0.172
"KCNA1","turquoise",0.765,-0.217,"status_Tumor",0.166
"HDX","turquoise",0.765,-0.201,"status_Tumor",0.154
"PYGO1","turquoise",0.765,-0.135,"status_Tumor",0.103
"ADAMTSL1","turquoise",0.764,-0.428,"status_Tumor",0.327
"LOC101927825","turquoise",0.764,-0.239,"status_Tumor",0.182
"PCDHGB7","turquoise",0.763,-0.234,"status_Tumor",0.178
"ADAMTS1","turquoise",0.762,-0.359,"status_Tumor",0.274
"PI16","turquoise",0.761,-0.442,"status_Tumor",0.336
"PTN","turquoise",0.761,-0.43,"status_Tumor",0.328
"GDF10","turquoise",0.761,-0.266,"status_Tumor",0.202
"COLEC12","turquoise",0.761,-0.227,"status_Tumor",0.173
"KCNE4","turquoise",0.761,-0.166,"status_Tumor",0.126
"NRXN2","turquoise",0.761,-0.108,"status_Tumor",0.082
"RSPO3","turquoise",0.761,-0.094,"status_Tumor",0.071
"PPP1R3C","turquoise",0.76,-0.399,"status_Tumor",0.303
"EFS","turquoise",0.76,-0.392,"status_Tumor",0.298
"ASB5","turquoise",0.76,-0.29,"status_Tumor",0.22
"COPZ2","turquoise",0.76,-0.262,"status_Tumor",0.199
"ANGPT1","turquoise",0.76,-0.258,"status_Tumor",0.196
"PLSCR4","turquoise",0.76,-0.159,"status_Tumor",0.121
"PRICKLE1","turquoise",0.76,-0.074,"status_Tumor",0.056
"LGI2","turquoise",0.76,0.013,"status_Tumor",0.01
"PCP4L1","turquoise",0.759,-0.331,"status_Tumor",0.251
"MEOX2","turquoise",0.759,-0.088,"status_Tumor",0.066
"ZFHX4","turquoise",0.759,-0.036,"status_Tumor",0.027
"NPTX1","turquoise",0.758,-0.288,"status_Tumor",0.218
"MORN5","turquoise",0.758,-0.275,"status_Tumor",0.209
"GPM6B","turquoise",0.757,-0.421,"status_Tumor",0.319
"FAM181B","turquoise",0.757,-0.34,"status_Tumor",0.257
"PTPN5","turquoise",0.757,-0.191,"status_Tumor",0.145
"PLXNA4","turquoise",0.757,-0.052,"status_Tumor",0.039
"GPR88","turquoise",0.756,-0.128,"status_Tumor",0.097
"TTLL7","turquoise",0.755,-0.23,"status_Tumor",0.174
"SUSD5","turquoise",0.755,-0.131,"status_Tumor",0.099
"KCTD8","turquoise",0.754,-0.36,"status_Tumor",0.272
"FAM43B","turquoise",0.754,-0.169,"status_Tumor",0.128
"SSPN","turquoise",0.754,-0.165,"status_Tumor",0.124
"PPP1R1A","turquoise",0.753,-0.389,"status_Tumor",0.293
"RASGRP2","turquoise",0.753,-0.255,"status_Tumor",0.192
"ZNF354C","turquoise",0.753,-0.212,"status_Tumor",0.16
"GAP43","turquoise",0.753,-0.096,"status_Tumor",0.072
"MMRN1","turquoise",0.752,-0.381,"status_Tumor",0.287
"SCARA3","turquoise",0.752,-0.279,"status_Tumor",0.21
"CNTN2","turquoise",0.752,-0.238,"status_Tumor",0.179
"SNAP91","turquoise",0.752,-0.236,"status_Tumor",0.177
"COL21A1","turquoise",0.75,-0.239,"status_Tumor",0.18
"NPTXR","turquoise",0.75,-0.186,"status_Tumor",0.139
"LMO1","turquoise",0.75,-0.162,"status_Tumor",0.121
"CYP1B1","turquoise",0.75,-0.156,"status_Tumor",0.117
"DPT","turquoise",0.749,-0.534,"status_Tumor",0.4
"SLC5A7","turquoise",0.749,-0.415,"status_Tumor",0.311
"KL","turquoise",0.749,-0.281,"status_Tumor",0.21
"EVC2","turquoise",0.749,-0.196,"status_Tumor",0.147
"MEF2C","turquoise",0.749,-0.161,"status_Tumor",0.121
"LETR1","turquoise",0.749,-0.087,"status_Tumor",0.065
"GPIHBP1","turquoise",0.748,-0.319,"status_Tumor",0.238
"RELN","turquoise",0.748,-0.316,"status_Tumor",0.236
"FAT4","turquoise",0.748,-0.119,"status_Tumor",0.089
"SOX5","turquoise",0.747,-0.252,"status_Tumor",0.188
"TSPAN18","turquoise",0.747,-0.145,"status_Tumor",0.108
"THBS4","turquoise",0.747,0.051,"status_Tumor",0.038
"PTCHD1","turquoise",0.746,-0.327,"status_Tumor",0.244
"FENDRR","turquoise",0.746,-0.301,"status_Tumor",0.225
"LARP6","turquoise",0.746,-0.269,"status_Tumor",0.2
"ZNF568","turquoise",0.746,-0.258,"status_Tumor",0.192
"SOD3","turquoise",0.746,-0.236,"status_Tumor",0.176
"GRIN2A","turquoise",0.745,-0.275,"status_Tumor",0.205
"FAM110B","turquoise",0.745,-0.249,"status_Tumor",0.185
"CNTN4","turquoise",0.745,-0.2,"status_Tumor",0.149
"GASK1A","turquoise",0.745,-0.095,"status_Tumor",0.071
"WNT9A","turquoise",0.744,-0.234,"status_Tumor",0.174
"FAXC","turquoise",0.744,-0.233,"status_Tumor",0.173
"NR2F2-AS1","turquoise",0.744,-0.159,"status_Tumor",0.118
"MAN1C1","turquoise",0.743,-0.147,"status_Tumor",0.109
"IGF1","turquoise",0.743,-0.12,"status_Tumor",0.089
"ATOH8","turquoise",0.742,-0.383,"status_Tumor",0.284
"NRG2","turquoise",0.742,-0.366,"status_Tumor",0.272
"CTNNA3","turquoise",0.742,-0.243,"status_Tumor",0.18
"A2M","turquoise",0.742,-0.059,"status_Tumor",0.044
"ADHFE1","turquoise",0.741,-0.43,"status_Tumor",0.319
"ISL1-DT","turquoise",0.741,-0.166,"status_Tumor",0.123
"KLHL38","turquoise",0.741,-0.087,"status_Tumor",0.064
"CNGA3","turquoise",0.74,-0.277,"status_Tumor",0.205
"C3orf70","turquoise",0.74,-0.209,"status_Tumor",0.155
"COL19A1","turquoise",0.739,-0.233,"status_Tumor",0.172
"OLFML3","turquoise",0.739,-0.222,"status_Tumor",0.164
"TRPC4","turquoise",0.739,-0.127,"status_Tumor",0.094
"CGNL1","turquoise",0.738,-0.331,"status_Tumor",0.245
"NUDT11","turquoise",0.738,-0.188,"status_Tumor",0.139
"ANKRD35","turquoise",0.737,-0.424,"status_Tumor",0.312
"GPR17","turquoise",0.737,-0.27,"status_Tumor",0.199
"TAC1","turquoise",0.737,-0.222,"status_Tumor",0.163
"BMP3","turquoise",0.737,-0.212,"status_Tumor",0.156
"ASPA","turquoise",0.736,-0.471,"status_Tumor",0.347
"TACR2","turquoise",0.736,-0.257,"status_Tumor",0.19
"GRID1","turquoise",0.736,-0.155,"status_Tumor",0.114
"PLCXD3","turquoise",0.735,-0.385,"status_Tumor",0.283
"PRKAA2","turquoise",0.735,-0.276,"status_Tumor",0.203
"SLC18A3","turquoise",0.734,-0.307,"status_Tumor",0.226
"PNMA8A","turquoise",0.734,-0.114,"status_Tumor",0.084
"CXCL12","turquoise",0.733,-0.309,"status_Tumor",0.227
"ASXL3","turquoise",0.732,-0.286,"status_Tumor",0.209
"CBX6","turquoise",0.732,-0.193,"status_Tumor",0.142
"SELP","turquoise",0.732,-0.179,"status_Tumor",0.131
"RPRM","turquoise",0.731,-0.433,"status_Tumor",0.317
"ACTN2","turquoise",0.731,-0.256,"status_Tumor",0.187
"BEND6","turquoise",0.731,-0.03,"status_Tumor",0.022
"P2RY14","turquoise",0.73,-0.435,"status_Tumor",0.318
"SLC9A9","turquoise",0.73,-0.377,"status_Tumor",0.275
"PDE1C","turquoise",0.73,-0.338,"status_Tumor",0.247
"CRTAC1","turquoise",0.73,-0.317,"status_Tumor",0.231
"FOXD3","turquoise",0.73,-0.317,"status_Tumor",0.231
"LRRC4C","turquoise",0.73,-0.134,"status_Tumor",0.098
"CCDC136","turquoise",0.73,-0.086,"status_Tumor",0.063
"CHRD","turquoise",0.73,-0.072,"status_Tumor",0.052
"CSDC2","turquoise",0.73,-0.069,"status_Tumor",0.05
"ARL4D","turquoise",0.729,-0.347,"status_Tumor",0.253
"IGFBP5","turquoise",0.729,-0.21,"status_Tumor",0.153
"CARTPT","turquoise",0.728,-0.285,"status_Tumor",0.208
"TPO","turquoise",0.728,-0.248,"status_Tumor",0.181
"LRRTM1","turquoise",0.727,-0.352,"status_Tumor",0.256
"SELENOM","turquoise",0.727,-0.291,"status_Tumor",0.211
"LEPR","turquoise",0.727,-0.248,"status_Tumor",0.18
"GAS7","turquoise",0.727,-0.199,"status_Tumor",0.144
"SV2B","turquoise",0.727,-0.073,"status_Tumor",0.053
"CLDN5","turquoise",0.726,-0.364,"status_Tumor",0.264
"BARX1","turquoise",0.726,-0.176,"status_Tumor",0.128
"CACNA2D1","turquoise",0.726,-0.159,"status_Tumor",0.116
"LINC00578","turquoise",0.726,-0.034,"status_Tumor",0.025
"CHRDL2","turquoise",0.726,0.007,"status_Tumor",0.005
"CDON","turquoise",0.725,-0.177,"status_Tumor",0.129
"CTSF","turquoise",0.724,-0.303,"status_Tumor",0.219
"DYNC1I1","turquoise",0.724,-0.192,"status_Tumor",0.139
"EPHA3","turquoise",0.724,-0.021,"status_Tumor",0.015
"ELN","turquoise",0.724,0.003,"status_Tumor",0.002
"KCNN3","turquoise",0.723,-0.34,"status_Tumor",0.246
"SMYD1","turquoise",0.723,-0.193,"status_Tumor",0.139
"ADAMTS9-AS1","turquoise",0.722,-0.31,"status_Tumor",0.224
"ZNF728","turquoise",0.722,-0.164,"status_Tumor",0.118
"CH25H","turquoise",0.721,-0.261,"status_Tumor",0.188
"FBXO32","turquoise",0.721,-0.16,"status_Tumor",0.115
"ISM1","turquoise",0.721,-0.032,"status_Tumor",0.023
"RORB","turquoise",0.72,-0.27,"status_Tumor",0.194
"ZNF829","turquoise",0.72,-0.24,"status_Tumor",0.173
"REEP1","turquoise",0.719,-0.298,"status_Tumor",0.214
"MYOM1","turquoise",0.719,-0.285,"status_Tumor",0.205
"TMEM132C","turquoise",0.718,-0.426,"status_Tumor",0.306
"PKIA","turquoise",0.718,-0.274,"status_Tumor",0.197
"PTGFR","turquoise",0.718,-0.08,"status_Tumor",0.058
"IGSF11","turquoise",0.717,-0.353,"status_Tumor",0.253
"TAFA4","turquoise",0.717,-0.322,"status_Tumor",0.231
"IGFBP4","turquoise",0.717,-0.141,"status_Tumor",0.101
"GEM","turquoise",0.717,-0.135,"status_Tumor",0.097
"CHODL","turquoise",0.716,-0.432,"status_Tumor",0.31
"PDK4","turquoise",0.716,-0.374,"status_Tumor",0.268
"LYNX1","turquoise",0.716,-0.266,"status_Tumor",0.19
"PENK","turquoise",0.716,-0.218,"status_Tumor",0.156
"ADD2","turquoise",0.716,-0.13,"status_Tumor",0.093
"WDR17","turquoise",0.715,-0.288,"status_Tumor",0.206
"MUSK","turquoise",0.715,-0.268,"status_Tumor",0.191
"APOD","turquoise",0.715,-0.177,"status_Tumor",0.127
"KCNK2","turquoise",0.715,-0.16,"status_Tumor",0.114
"IGFBP6","turquoise",0.714,-0.417,"status_Tumor",0.298
"LINC00092","turquoise",0.714,-0.376,"status_Tumor",0.268
"MTUS2","turquoise",0.714,-0.37,"status_Tumor",0.264
"ANKRD65","turquoise",0.713,-0.356,"status_Tumor",0.254
"PNCK","turquoise",0.713,-0.32,"status_Tumor",0.228
"NMUR1","turquoise",0.713,-0.247,"status_Tumor",0.176
"DTX3","turquoise",0.713,-0.226,"status_Tumor",0.161
"ADCYAP1","turquoise",0.712,-0.209,"status_Tumor",0.149
"LOC392787","turquoise",0.712,-0.2,"status_Tumor",0.142
"WSCD2","turquoise",0.711,-0.344,"status_Tumor",0.245
"ZNF662","turquoise",0.711,-0.32,"status_Tumor",0.228
"TRAM1L1","turquoise",0.711,-0.181,"status_Tumor",0.129
"PAPLN","turquoise",0.711,-0.145,"status_Tumor",0.103
"RGS7BP","turquoise",0.711,-0.132,"status_Tumor",0.094
"NAV3","turquoise",0.711,-0.009,"status_Tumor",0.007
"SHISA9","turquoise",0.71,-0.277,"status_Tumor",0.197
"SHISA3","turquoise",0.71,-0.235,"status_Tumor",0.167
"ZNF727","turquoise",0.71,-0.199,"status_Tumor",0.141
"CHRNA3","turquoise",0.71,-0.105,"status_Tumor",0.075
"PDLIM4","turquoise",0.709,-0.29,"status_Tumor",0.206
"SNTG2","turquoise",0.709,-0.274,"status_Tumor",0.194
"CILP","turquoise",0.709,-0.18,"status_Tumor",0.127
"CNTNAP3B","turquoise",0.709,-0.174,"status_Tumor",0.123
"FABP4","turquoise",0.708,-0.365,"status_Tumor",0.258
"VWC2","turquoise",0.708,-0.336,"status_Tumor",0.238
"THSD7B","turquoise",0.708,-0.014,"status_Tumor",0.01
"CACNA2D3","turquoise",0.707,-0.356,"status_Tumor",0.251
"CTSG","turquoise",0.707,-0.347,"status_Tumor",0.245
"PRDM5","turquoise",0.707,-0.191,"status_Tumor",0.135
"KIT","turquoise",0.706,-0.361,"status_Tumor",0.255
"FOXF2","turquoise",0.706,-0.324,"status_Tumor",0.229
"LSAMP","turquoise",0.706,-0.043,"status_Tumor",0.03
"NOS1","turquoise",0.705,-0.349,"status_Tumor",0.246
"SCN3B","turquoise",0.705,-0.183,"status_Tumor",0.129
"FGF10-AS1","turquoise",0.705,-0.143,"status_Tumor",0.1
"DPY19L2","turquoise",0.705,-0.103,"status_Tumor",0.073
"MOXD1","turquoise",0.704,-0.119,"status_Tumor",0.084
"LINC02613","turquoise",0.703,-0.264,"status_Tumor",0.186
"GFOD3P","turquoise",0.703,-0.237,"status_Tumor",0.167
"PHF24","turquoise",0.703,-0.228,"status_Tumor",0.161
"CELF2","turquoise",0.702,-0.266,"status_Tumor",0.186
"FHOD3","turquoise",0.702,-0.171,"status_Tumor",0.12
"GNG7","turquoise",0.701,-0.502,"status_Tumor",0.352
"SV2A","turquoise",0.701,-0.117,"status_Tumor",0.082
"ZBTB20","turquoise",0.701,-0.097,"status_Tumor",0.068
"NRK","turquoise",0.701,0.021,"status_Tumor",0.015
"HLF","turquoise",0.7,-0.393,"status_Tumor",0.275
"PRDM8","turquoise",0.7,-0.295,"status_Tumor",0.206
"PCBP3","turquoise",0.7,-0.079,"status_Tumor",0.055
"LINC02593","turquoise",0.699,-0.219,"status_Tumor",0.153
"GRIA1","turquoise",0.699,-0.21,"status_Tumor",0.147
"LDLRAD4","turquoise",0.699,-0.122,"status_Tumor",0.085
"KCNA6","turquoise",0.698,-0.249,"status_Tumor",0.174
"GALNT17","turquoise",0.698,-0.219,"status_Tumor",0.153
"TCF21","turquoise",0.697,-0.317,"status_Tumor",0.221
"PCDHGC3","turquoise",0.697,-0.245,"status_Tumor",0.171
"WASF3","turquoise",0.697,-0.217,"status_Tumor",0.151
"CMA1","turquoise",0.696,-0.407,"status_Tumor",0.283
"RSPO2","turquoise",0.696,-0.38,"status_Tumor",0.264
"LONRF2","turquoise",0.696,-0.273,"status_Tumor",0.19
"SAMD11","turquoise",0.696,-0.189,"status_Tumor",0.132
"SCARA5","turquoise",0.694,-0.48,"status_Tumor",0.333
"NSG2","turquoise",0.694,-0.354,"status_Tumor",0.246
"MAPT","turquoise",0.694,-0.255,"status_Tumor",0.177
"PAK3","turquoise",0.694,-0.154,"status_Tumor",0.107
"SNRPN","turquoise",0.693,-0.381,"status_Tumor",0.264
"LRRK2","turquoise",0.693,-0.255,"status_Tumor",0.177
"PCDHGA2","turquoise",0.693,-0.177,"status_Tumor",0.123
"PCDH19","turquoise",0.692,-0.328,"status_Tumor",0.226
"RIMS1","turquoise",0.692,-0.324,"status_Tumor",0.224
"CDH23","turquoise",0.692,-0.231,"status_Tumor",0.16
"TRIM9","turquoise",0.692,-0.129,"status_Tumor",0.089
"PCDHB5","turquoise",0.692,-0.091,"status_Tumor",0.063
"ITIH3","turquoise",0.692,-0.08,"status_Tumor",0.055
"KCNA2","turquoise",0.691,-0.375,"status_Tumor",0.259
"ZNF626","turquoise",0.691,-0.33,"status_Tumor",0.228
"C11orf96","turquoise",0.691,-0.3,"status_Tumor",0.207
"ESR1","turquoise",0.691,-0.214,"status_Tumor",0.148
"RGS4","turquoise",0.691,-0.126,"status_Tumor",0.087
"SULT1C4","turquoise",0.691,-0.094,"status_Tumor",0.065
"ELOVL4","turquoise",0.69,-0.277,"status_Tumor",0.191
"MYEF2","turquoise",0.69,-0.2,"status_Tumor",0.138
"SEZ6L","turquoise",0.689,-0.327,"status_Tumor",0.225
"LINC01018","turquoise",0.689,-0.31,"status_Tumor",0.214
"SEMA3G","turquoise",0.689,-0.197,"status_Tumor",0.136
"LINC00924","turquoise",0.689,-0.073,"status_Tumor",0.05
"KCNIP1","turquoise",0.689,-0.031,"status_Tumor",0.021
"VEGFD","turquoise",0.688,-0.534,"status_Tumor",0.367
"EMILIN3","turquoise",0.688,-0.463,"status_Tumor",0.318
"SNAP25","turquoise",0.688,-0.187,"status_Tumor",0.129
"GRPR","turquoise",0.688,-0.164,"status_Tumor",0.113
"PART1","turquoise",0.687,-0.38,"status_Tumor",0.261
"RTL3","turquoise",0.687,-0.158,"status_Tumor",0.108
"TMEFF2","turquoise",0.686,-0.302,"status_Tumor",0.207
"RGS5","turquoise",0.686,-0.256,"status_Tumor",0.176
"NCS1","turquoise",0.686,-0.199,"status_Tumor",0.137
"MKX","turquoise",0.686,-0.115,"status_Tumor",0.079
"MYOZ3","turquoise",0.686,-0.014,"status_Tumor",0.009
"LINC02984","turquoise",0.685,-0.197,"status_Tumor",0.135
"PHOX2A","turquoise",0.684,-0.287,"status_Tumor",0.196
"SNCA","turquoise",0.684,-0.256,"status_Tumor",0.175
"NTNG1","turquoise",0.684,-0.209,"status_Tumor",0.143
"CYP7B1","turquoise",0.684,-0.097,"status_Tumor",0.067
"PTCH2","turquoise",0.684,0.095,"status_Tumor",0.065
"C16orf89","turquoise",0.683,-0.48,"status_Tumor",0.328
"TNN","turquoise",0.683,-0.006,"status_Tumor",0.004
"KLF8","turquoise",0.682,-0.315,"status_Tumor",0.215
"ZSCAN23","turquoise",0.681,-0.198,"status_Tumor",0.134
"MAP9","turquoise",0.681,-0.172,"status_Tumor",0.117
"CCN5","turquoise",0.679,-0.476,"status_Tumor",0.323
"SLC17A7","turquoise",0.679,-0.326,"status_Tumor",0.222
"SLC8A2","turquoise",0.679,-0.221,"status_Tumor",0.15
"SORCS2","turquoise",0.679,-0.106,"status_Tumor",0.072
"PEBP4","turquoise",0.678,-0.508,"status_Tumor",0.344
"SYNGR1","turquoise",0.678,-0.34,"status_Tumor",0.23
"AVPR2","turquoise",0.678,-0.2,"status_Tumor",0.136
"FGF13","turquoise",0.677,-0.23,"status_Tumor",0.155
"LOC101928847","turquoise",0.676,-0.288,"status_Tumor",0.195
"EBF4","turquoise",0.676,-0.191,"status_Tumor",0.129
"RNF217-AS1","turquoise",0.676,-0.153,"status_Tumor",0.104
"ZNF208","turquoise",0.676,-0.129,"status_Tumor",0.087
"KERA","turquoise",0.676,-0.042,"status_Tumor",0.028
"BHLHE22","turquoise",0.675,-0.067,"status_Tumor",0.045
"PRDM6","turquoise",0.675,-0.06,"status_Tumor",0.041
"ADRB2","turquoise",0.674,-0.483,"status_Tumor",0.326
"FGD1","turquoise",0.674,-0.14,"status_Tumor",0.094
"LOC107984948","turquoise",0.674,0.059,"status_Tumor",0.04
"FRMPD3","turquoise",0.674,-0.05,"status_Tumor",0.034
"SHC4","turquoise",0.674,0.024,"status_Tumor",0.016
"COL4A6","turquoise",0.673,-0.395,"status_Tumor",0.266
"FCER1A","turquoise",0.673,-0.371,"status_Tumor",0.25
"STK32A","turquoise",0.673,-0.185,"status_Tumor",0.124
"SERTM2","turquoise",0.673,-0.17,"status_Tumor",0.114
"SCN11A","turquoise",0.673,-0.118,"status_Tumor",0.079
"ACSS3","turquoise",0.673,-0.083,"status_Tumor",0.056
"ZNF570","turquoise",0.672,-0.235,"status_Tumor",0.158
"GDF6","turquoise",0.672,-0.107,"status_Tumor",0.072
"CLEC3B","turquoise",0.671,-0.573,"status_Tumor",0.385
"ADGRL2","turquoise",0.671,-0.151,"status_Tumor",0.101
"ID4","turquoise",0.67,-0.395,"status_Tumor",0.264
"RNLS","turquoise",0.67,-0.354,"status_Tumor",0.237
"ITGA8","turquoise",0.67,-0.332,"status_Tumor",0.222
"LRRC10B","turquoise",0.67,-0.218,"status_Tumor",0.146
"FIGN","turquoise",0.67,-0.149,"status_Tumor",0.1
"KCNQ5","turquoise",0.669,-0.308,"status_Tumor",0.206
"SORCS3","turquoise",0.669,-0.295,"status_Tumor",0.198
"GDF7","turquoise",0.668,-0.347,"status_Tumor",0.232
"IGSF10","turquoise",0.668,-0.277,"status_Tumor",0.185
"ACTC1","turquoise",0.668,-0.226,"status_Tumor",0.151
"CSPG4","turquoise",0.668,-0.145,"status_Tumor",0.097
"NCAM2","turquoise",0.668,-0.099,"status_Tumor",0.066
"NOG","turquoise",0.668,-0.054,"status_Tumor",0.036
"COL4A5","turquoise",0.667,-0.315,"status_Tumor",0.21
"GPER1","turquoise",0.666,-0.386,"status_Tumor",0.257
"LPAR1","turquoise",0.666,-0.344,"status_Tumor",0.229
"HSPB3","turquoise",0.666,-0.33,"status_Tumor",0.22
"TGFBR3","turquoise",0.666,-0.294,"status_Tumor",0.196
"SYT15B","turquoise",0.666,-0.232,"status_Tumor",0.154
"PALMD","turquoise",0.666,-0.213,"status_Tumor",0.142
"ZDBF2","turquoise",0.666,-0.186,"status_Tumor",0.124
"WSCD1","turquoise",0.666,-0.185,"status_Tumor",0.123
"CALY","turquoise",0.665,-0.352,"status_Tumor",0.234
"RND2","turquoise",0.665,-0.28,"status_Tumor",0.186
"RPS6KA6","turquoise",0.664,-0.38,"status_Tumor",0.253
"PTPN13","turquoise",0.663,-0.26,"status_Tumor",0.172
"MPP2","turquoise",0.663,-0.222,"status_Tumor",0.147
"TMEM130","turquoise",0.663,-0.047,"status_Tumor",0.031
"GNAI1","turquoise",0.662,-0.289,"status_Tumor",0.191
"RBFOX3","turquoise",0.662,-0.258,"status_Tumor",0.171
"KCNH2","turquoise",0.662,-0.212,"status_Tumor",0.141
"TUSC3","turquoise",0.662,-0.198,"status_Tumor",0.131
"CSRNP3","turquoise",0.662,-0.174,"status_Tumor",0.116
"PCSK2","turquoise",0.661,-0.453,"status_Tumor",0.299
"LGI1","turquoise",0.661,-0.396,"status_Tumor",0.262
"FGL2","turquoise",0.661,-0.312,"status_Tumor",0.206
"NPR3","turquoise",0.661,-0.245,"status_Tumor",0.162
"FRMD6","turquoise",0.661,-0.161,"status_Tumor",0.106
"SLC7A14","turquoise",0.659,-0.21,"status_Tumor",0.139
"SMO","turquoise",0.659,-0.162,"status_Tumor",0.107
"NEFL","turquoise",0.658,-0.334,"status_Tumor",0.22
"ZNF385B","turquoise",0.658,-0.292,"status_Tumor",0.192
"VLDLR","turquoise",0.658,-0.276,"status_Tumor",0.181
"MEOX1","turquoise",0.658,-0.194,"status_Tumor",0.128
"NIPAL4","turquoise",0.657,-0.305,"status_Tumor",0.2
"LIX1","turquoise",0.657,-0.226,"status_Tumor",0.148
"UBE2QL1","turquoise",0.656,-0.404,"status_Tumor",0.265
"KY","turquoise",0.656,-0.347,"status_Tumor",0.227
"DGKG","turquoise",0.656,-0.336,"status_Tumor",0.22
"PPP2R2B","turquoise",0.656,-0.298,"status_Tumor",0.196
"SYT15","turquoise",0.656,-0.229,"status_Tumor",0.15
"ZNF418","turquoise",0.656,-0.191,"status_Tumor",0.125
"ANKRD6","turquoise",0.656,-0.141,"status_Tumor",0.093
"HMCN2","turquoise",0.655,-0.187,"status_Tumor",0.123
"LRRN2","turquoise",0.655,-0.09,"status_Tumor",0.059
"SESN3","turquoise",0.654,-0.167,"status_Tumor",0.109
"RYR2","turquoise",0.653,-0.24,"status_Tumor",0.157
"DYNC2H1","turquoise",0.652,-0.133,"status_Tumor",0.087
"TSLP","turquoise",0.651,-0.396,"status_Tumor",0.258
"PLA2G5","turquoise",0.651,-0.242,"status_Tumor",0.158
"ZNF569","turquoise",0.651,-0.235,"status_Tumor",0.153
"PRTG","turquoise",0.651,-0.006,"status_Tumor",0.004
"ZNF536","turquoise",0.65,-0.397,"status_Tumor",0.258
"SLC8A3","turquoise",0.65,-0.261,"status_Tumor",0.169
"PCA3","turquoise",0.65,-0.097,"status_Tumor",0.063
"ODAD2","turquoise",0.649,-0.089,"status_Tumor",0.058
"ISLR2","turquoise",0.649,-0.01,"status_Tumor",0.006
"SORBS2","turquoise",0.648,-0.33,"status_Tumor",0.214
"ARHGEF26-AS1","turquoise",0.648,-0.248,"status_Tumor",0.161
"PRG4","turquoise",0.648,0.017,"status_Tumor",0.011
"GREM1-AS1","turquoise",0.648,-0.007,"status_Tumor",0.004
"RANBP3L","turquoise",0.647,-0.357,"status_Tumor",0.231
"CRLF1","turquoise",0.647,-0.179,"status_Tumor",0.116
"SLITRK2","turquoise",0.647,-0.169,"status_Tumor",0.109
"GRIK2","turquoise",0.646,-0.234,"status_Tumor",0.151
"TSPAN11","turquoise",0.646,-0.161,"status_Tumor",0.104
"CLDN11","turquoise",0.646,-0.119,"status_Tumor",0.077
"LYVE1","turquoise",0.645,-0.474,"status_Tumor",0.306
"GABRA5","turquoise",0.645,-0.327,"status_Tumor",0.211
"CHL1","turquoise",0.645,-0.323,"status_Tumor",0.208
"PDE9A","turquoise",0.645,-0.249,"status_Tumor",0.161
"OSBPL6","turquoise",0.645,-0.245,"status_Tumor",0.158
"ATRNL1","turquoise",0.645,-0.237,"status_Tumor",0.152
"CRISPLD1","turquoise",0.645,0.177,"status_Tumor",0.114
"GPBAR1","turquoise",0.645,-0.128,"status_Tumor",0.082
"RIMKLB","turquoise",0.645,-0.118,"status_Tumor",0.076
"RASGEF1C","turquoise",0.644,-0.3,"status_Tumor",0.193
"PTX3","turquoise",0.644,-0.283,"status_Tumor",0.182
"HOXA2","turquoise",0.644,-0.217,"status_Tumor",0.14
"RAB3C","turquoise",0.643,-0.163,"status_Tumor",0.105
"GREM1","turquoise",0.643,0.07,"status_Tumor",0.045
"VIT","turquoise",0.642,-0.439,"status_Tumor",0.282
"RBP7","turquoise",0.642,-0.354,"status_Tumor",0.228
"SV2C","turquoise",0.642,-0.332,"status_Tumor",0.213
"PHYHD1","turquoise",0.641,-0.394,"status_Tumor",0.253
"GALNT15","turquoise",0.641,-0.288,"status_Tumor",0.185
"RAB6B","turquoise",0.641,-0.283,"status_Tumor",0.182
"CDK15","turquoise",0.641,-0.223,"status_Tumor",0.143
"CTF1","turquoise",0.64,-0.232,"status_Tumor",0.149
"TSHZ2","turquoise",0.639,-0.027,"status_Tumor",0.017
"PTENP1-AS","turquoise",0.638,-0.265,"status_Tumor",0.169
"NPY1R","turquoise",0.638,-0.231,"status_Tumor",0.148
"DIRAS1","turquoise",0.637,-0.359,"status_Tumor",0.229
"CAMK2A","turquoise",0.637,-0.196,"status_Tumor",0.125
"LRRC17","turquoise",0.637,-0.149,"status_Tumor",0.095
"TSC22D3","turquoise",0.636,-0.409,"status_Tumor",0.26
"A4GALT","turquoise",0.636,-0.238,"status_Tumor",0.151
"C1QTNF3","turquoise",0.636,-0.229,"status_Tumor",0.146
"CAMK1D","turquoise",0.636,-0.218,"status_Tumor",0.139
"HACD1","turquoise",0.635,-0.299,"status_Tumor",0.19
"TMEM255A","turquoise",0.635,-0.264,"status_Tumor",0.168
"HHIP-AS1","turquoise",0.635,-0.182,"status_Tumor",0.116
"SIX2","turquoise",0.635,-0.118,"status_Tumor",0.075
"MEG3","turquoise",0.634,-0.089,"status_Tumor",0.057
"BACH2","turquoise",0.634,-0.08,"status_Tumor",0.051
"MDGA1","turquoise",0.633,-0.225,"status_Tumor",0.143
"COL25A1","turquoise",0.633,-0.147,"status_Tumor",0.093
"CHST10","turquoise",0.633,-0.125,"status_Tumor",0.079
"ZNF415","turquoise",0.631,-0.248,"status_Tumor",0.157
"RGS2","turquoise",0.63,-0.385,"status_Tumor",0.243
"GGTA1","turquoise",0.63,-0.376,"status_Tumor",0.237
"GSPT2","turquoise",0.629,-0.233,"status_Tumor",0.147
"CLVS2","turquoise",0.629,-0.154,"status_Tumor",0.097
"KLF17","turquoise",0.629,0.064,"status_Tumor",0.04
"HIF3A","turquoise",0.628,-0.254,"status_Tumor",0.159
"CCN3","turquoise",0.628,-0.11,"status_Tumor",0.069
"PDGFRL","turquoise",0.628,-0.093,"status_Tumor",0.058
"GFRA3","turquoise",0.627,-0.343,"status_Tumor",0.215
"SLC16A7","turquoise",0.627,-0.33,"status_Tumor",0.207
"DIRAS3","turquoise",0.627,-0.265,"status_Tumor",0.166
"ADGRB1","turquoise",0.627,-0.156,"status_Tumor",0.098
"ZNF528-AS1","turquoise",0.627,-0.11,"status_Tumor",0.069
"FAM66B","turquoise",0.626,-0.242,"status_Tumor",0.151
"IL33","turquoise",0.626,-0.206,"status_Tumor",0.129
"AP3B2","turquoise",0.626,-0.165,"status_Tumor",0.103
"GPX3","turquoise",0.625,-0.52,"status_Tumor",0.325
"PPP2R3A","turquoise",0.625,-0.328,"status_Tumor",0.205
"DGKB","turquoise",0.625,-0.242,"status_Tumor",0.151
"KIF5A","turquoise",0.625,-0.178,"status_Tumor",0.111
"TNC","turquoise",0.625,-0.001,"status_Tumor",0
"CHIC1","turquoise",0.624,-0.17,"status_Tumor",0.106
"RGS22","turquoise",0.624,-0.108,"status_Tumor",0.067
"SYT4","turquoise",0.623,-0.297,"status_Tumor",0.185
"PHYHIP","turquoise",0.623,-0.256,"status_Tumor",0.159
"KCNIP3","turquoise",0.623,-0.239,"status_Tumor",0.149
"BOLA3-DT","turquoise",0.623,-0.189,"status_Tumor",0.118
"PCDHB7","turquoise",0.623,-0.062,"status_Tumor",0.039
"NPPC","turquoise",0.622,-0.417,"status_Tumor",0.259
"TSPYL5","turquoise",0.622,-0.148,"status_Tumor",0.092
"TENM1","turquoise",0.622,-0.102,"status_Tumor",0.063
"NPY","turquoise",0.621,-0.317,"status_Tumor",0.197
"MS4A2","turquoise",0.621,-0.278,"status_Tumor",0.173
"OLFM1","turquoise",0.621,-0.252,"status_Tumor",0.156
"ZNF880","turquoise",0.621,-0.19,"status_Tumor",0.118
"KLF12","turquoise",0.621,-0.113,"status_Tumor",0.07
"SLC24A3","turquoise",0.621,-0.097,"status_Tumor",0.06
"CES1","turquoise",0.62,-0.27,"status_Tumor",0.167
"SLITRK4","turquoise",0.62,-0.186,"status_Tumor",0.115
"EMX2OS","turquoise",0.62,-0.114,"status_Tumor",0.071
"ZFHX4-AS1","turquoise",0.62,0.015,"status_Tumor",0.009
"SERP2","turquoise",0.619,-0.282,"status_Tumor",0.174
"ARHGAP24","turquoise",0.619,-0.265,"status_Tumor",0.164
"NLGN4X","turquoise",0.619,-0.174,"status_Tumor",0.108
"BMPR1B","turquoise",0.619,-0.141,"status_Tumor",0.087
"CDK14","turquoise",0.619,-0.079,"status_Tumor",0.049
"LINC00865","turquoise",0.618,-0.298,"status_Tumor",0.184
"STEAP4","turquoise",0.618,-0.14,"status_Tumor",0.087
"LOXL4","turquoise",0.618,-0.098,"status_Tumor",0.061
"TSPY26P","turquoise",0.617,-0.131,"status_Tumor",0.081
"LINC00163","turquoise",0.616,-0.214,"status_Tumor",0.132
"CHST15","turquoise",0.616,-0.214,"status_Tumor",0.132
"CDKL2","turquoise",0.616,-0.172,"status_Tumor",0.106
"EPHA5","turquoise",0.616,-0.15,"status_Tumor",0.092
"ZNF676","turquoise",0.616,-0.149,"status_Tumor",0.092
"ZFP82","turquoise",0.616,-0.128,"status_Tumor",0.079
"PCYT1B","turquoise",0.616,-0.083,"status_Tumor",0.051
"PRRT4","turquoise",0.615,-0.425,"status_Tumor",0.261
"CBFA2T3","turquoise",0.615,-0.271,"status_Tumor",0.167
"LINC01638","turquoise",0.615,0.07,"status_Tumor",0.043
"KLF15","turquoise",0.614,-0.395,"status_Tumor",0.243
"SCUBE1","turquoise",0.614,-0.359,"status_Tumor",0.22
"LINC00908","turquoise",0.614,-0.256,"status_Tumor",0.157
"SEMA3D","turquoise",0.614,-0.225,"status_Tumor",0.138
"FBXO17","turquoise",0.614,-0.147,"status_Tumor",0.09
"ALPK3","turquoise",0.614,-0.077,"status_Tumor",0.047
"FRMD6-AS1","turquoise",0.613,-0.325,"status_Tumor",0.199
"ST6GAL2","turquoise",0.613,-0.198,"status_Tumor",0.121
"SBSPON","turquoise",0.611,-0.316,"status_Tumor",0.193
"SMPX","turquoise",0.61,-0.187,"status_Tumor",0.114
"MLLT11","turquoise",0.61,-0.166,"status_Tumor",0.101
"MAP2","turquoise",0.61,-0.138,"status_Tumor",0.084
"MYL3","turquoise",0.609,-0.275,"status_Tumor",0.168
"DGKI","turquoise",0.609,0.232,"status_Tumor",0.141
"FAM184A","turquoise",0.609,-0.146,"status_Tumor",0.089
"ZNF610","turquoise",0.609,-0.142,"status_Tumor",0.087
"FGF13-AS1","turquoise",0.608,-0.101,"status_Tumor",0.061
"LRP1B","turquoise",0.607,-0.268,"status_Tumor",0.163
"TUBB4A","turquoise",0.607,-0.247,"status_Tumor",0.15
"MYH10","turquoise",0.607,0.028,"status_Tumor",0.017
"PAMR1","turquoise",0.606,-0.33,"status_Tumor",0.2
"ANO5","turquoise",0.606,-0.25,"status_Tumor",0.152
"SCG2","turquoise",0.606,-0.222,"status_Tumor",0.135
"ISL1","turquoise",0.606,-0.145,"status_Tumor",0.088
"DDIT4L","turquoise",0.605,-0.02,"status_Tumor",0.012
"DOCK3","turquoise",0.604,-0.2,"status_Tumor",0.121
"HPCAL4","turquoise",0.603,-0.481,"status_Tumor",0.29
"RERGL","turquoise",0.603,-0.366,"status_Tumor",0.221
"F13A1","turquoise",0.603,-0.287,"status_Tumor",0.173
"NPY5R","turquoise",0.603,-0.258,"status_Tumor",0.155
"CDH10","turquoise",0.603,-0.235,"status_Tumor",0.142
"PDGFRA","turquoise",0.603,-0.172,"status_Tumor",0.104
"ZNF790-AS1","turquoise",0.603,-0.168,"status_Tumor",0.101
"MMP16","turquoise",0.603,0.085,"status_Tumor",0.051
"SLC27A6","turquoise",0.601,-0.316,"status_Tumor",0.19
"PID1","turquoise",0.601,-0.282,"status_Tumor",0.169
"SHISA4","turquoise",0.601,-0.15,"status_Tumor",0.09
"MARK1","turquoise",0.601,-0.119,"status_Tumor",0.072
"ZNF470","turquoise",0.6,-0.218,"status_Tumor",0.131
"PTGER1","turquoise",0.6,-0.159,"status_Tumor",0.095
"ZMAT1","turquoise",0.6,-0.141,"status_Tumor",0.084
"TNR","turquoise",0.6,-0.126,"status_Tumor",0.076
"DCX","turquoise",0.6,-0.076,"status_Tumor",0.046
"CHST3","turquoise",0.599,-0.146,"status_Tumor",0.087
"UCHL1","turquoise",0.599,-0.11,"status_Tumor",0.066
"MYRIP","turquoise",0.597,-0.359,"status_Tumor",0.214
"MASP1","turquoise",0.597,-0.327,"status_Tumor",0.195
"PTPRS","turquoise",0.597,-0.278,"status_Tumor",0.166
"DPP10","turquoise",0.597,-0.239,"status_Tumor",0.143
"AVPR1A","turquoise",0.597,-0.064,"status_Tumor",0.038
"SNCG","turquoise",0.596,-0.335,"status_Tumor",0.2
"TRPS1","turquoise",0.596,-0.107,"status_Tumor",0.064
"BMX","turquoise",0.595,-0.275,"status_Tumor",0.164
"CCDC85A","turquoise",0.595,-0.207,"status_Tumor",0.123
"ANTXR2","turquoise",0.595,-0.192,"status_Tumor",0.114
"FREM1","turquoise",0.593,-0.097,"status_Tumor",0.058
"CKMT2","turquoise",0.592,-0.518,"status_Tumor",0.306
"CD36","turquoise",0.592,-0.367,"status_Tumor",0.217
"CCL21","turquoise",0.592,-0.29,"status_Tumor",0.172
"ANKRD33B","turquoise",0.592,-0.252,"status_Tumor",0.149
"SLC6A16","turquoise",0.592,-0.192,"status_Tumor",0.114
"SLC4A3","turquoise",0.592,-0.132,"status_Tumor",0.078
"C1QL1","turquoise",0.591,-0.464,"status_Tumor",0.274
"STOX2","turquoise",0.591,-0.261,"status_Tumor",0.154
"ZNF518B","turquoise",0.591,-0.193,"status_Tumor",0.114
"OBSL1","turquoise",0.591,-0.129,"status_Tumor",0.077
"CLU","turquoise",0.59,-0.278,"status_Tumor",0.164
"NALCN","turquoise",0.59,0.137,"status_Tumor",0.081
"TRABD2B","turquoise",0.59,-0.023,"status_Tumor",0.014
"P2RX2","turquoise",0.589,-0.484,"status_Tumor",0.285
"HEPACAM","turquoise",0.589,-0.249,"status_Tumor",0.147
"GNAZ","turquoise",0.588,-0.275,"status_Tumor",0.162
"BEX3","turquoise",0.588,-0.219,"status_Tumor",0.129
"CD302","turquoise",0.588,-0.184,"status_Tumor",0.108
"IQSEC3","turquoise",0.587,-0.145,"status_Tumor",0.085
"SMIM10L2A","turquoise",0.586,-0.355,"status_Tumor",0.208
"ALDH1A2","turquoise",0.586,-0.296,"status_Tumor",0.173
"PTGS1","turquoise",0.585,-0.44,"status_Tumor",0.257
"PRPH","turquoise",0.585,-0.236,"status_Tumor",0.138
"COL4A3","turquoise",0.583,-0.092,"status_Tumor",0.054
"NKX3-2","turquoise",0.583,-0.082,"status_Tumor",0.048
"HPGDS","turquoise",0.582,-0.328,"status_Tumor",0.191
"TOX-DT","turquoise",0.582,-0.297,"status_Tumor",0.173
"AHNAK2","turquoise",0.582,-0.142,"status_Tumor",0.082
"SYT10","turquoise",0.581,-0.39,"status_Tumor",0.227
"MAPK8IP1","turquoise",0.581,-0.222,"status_Tumor",0.129
"NDNF","turquoise",0.581,-0.198,"status_Tumor",0.115
"ADRA1D","turquoise",0.581,-0.163,"status_Tumor",0.095
"ST8SIA6","turquoise",0.579,-0.347,"status_Tumor",0.201
"CX3CR1","turquoise",0.579,-0.17,"status_Tumor",0.099
"ZNF528","turquoise",0.579,-0.166,"status_Tumor",0.096
"CHRNB4","turquoise",0.579,-0.161,"status_Tumor",0.093
"GREB1","turquoise",0.579,0.084,"status_Tumor",0.049
"CKB","turquoise",0.577,-0.389,"status_Tumor",0.224
"DSCAML1","turquoise",0.577,-0.268,"status_Tumor",0.155
"VLDLR-AS1","turquoise",0.577,-0.205,"status_Tumor",0.118
"GABBR1","turquoise",0.577,-0.092,"status_Tumor",0.053
"CCKAR","turquoise",0.576,-0.328,"status_Tumor",0.189
"LIFR","turquoise",0.576,-0.306,"status_Tumor",0.176
"ABCB5","turquoise",0.576,-0.125,"status_Tumor",0.072
"GLI2","turquoise",0.576,0.078,"status_Tumor",0.045
"LINC01082","turquoise",0.575,-0.402,"status_Tumor",0.231
"RHEX","turquoise",0.575,-0.317,"status_Tumor",0.182
"TENM2","turquoise",0.575,-0.276,"status_Tumor",0.158
"GPR27","turquoise",0.575,-0.275,"status_Tumor",0.158
"TENT5B","turquoise",0.574,-0.296,"status_Tumor",0.17
"DRP2","turquoise",0.574,-0.015,"status_Tumor",0.009
"CCDC9B","turquoise",0.573,-0.206,"status_Tumor",0.118
"RARRES2","turquoise",0.573,-0.166,"status_Tumor",0.095
"RET","turquoise",0.573,-0.122,"status_Tumor",0.07
"TSPAN7","turquoise",0.572,-0.301,"status_Tumor",0.172
"STAC","turquoise",0.572,-0.081,"status_Tumor",0.046
"HS6ST3","turquoise",0.571,-0.336,"status_Tumor",0.192
"LINC01550","turquoise",0.571,-0.28,"status_Tumor",0.16
"SCN9A","turquoise",0.571,-0.087,"status_Tumor",0.05
"RBM20","turquoise",0.57,-0.318,"status_Tumor",0.182
"HCG23","turquoise",0.57,-0.269,"status_Tumor",0.154
"ALDH1A3","turquoise",0.57,-0.009,"status_Tumor",0.005
"PCARE","turquoise",0.569,-0.447,"status_Tumor",0.254
"NKAIN3","turquoise",0.569,-0.214,"status_Tumor",0.122
"ARHGAP6","turquoise",0.569,-0.157,"status_Tumor",0.09
"CFH","turquoise",0.569,-0.102,"status_Tumor",0.058
"KCNA4","turquoise",0.569,-0.095,"status_Tumor",0.054
"LINC01697","turquoise",0.568,-0.333,"status_Tumor",0.189
"EPHA4","turquoise",0.568,-0.155,"status_Tumor",0.088
"SEMA3A","turquoise",0.568,-0.067,"status_Tumor",0.038
"SLCO2A1","turquoise",0.567,-0.206,"status_Tumor",0.117
"CNTNAP3","turquoise",0.567,-0.203,"status_Tumor",0.115
"HPSE2","turquoise",0.566,-0.439,"status_Tumor",0.249
"NME5","turquoise",0.566,-0.298,"status_Tumor",0.169
"TOX","turquoise",0.566,-0.258,"status_Tumor",0.146
"NRG3","turquoise",0.566,-0.222,"status_Tumor",0.126
"FMO2","turquoise",0.566,-0.188,"status_Tumor",0.106
"TMT1A","turquoise",0.564,-0.424,"status_Tumor",0.239
"EBF2","turquoise",0.564,0.154,"status_Tumor",0.087
"COL4A4","turquoise",0.564,0.001,"status_Tumor",0.001
"GCSAML","turquoise",0.563,-0.272,"status_Tumor",0.153
"SHF","turquoise",0.562,-0.294,"status_Tumor",0.165
"RRAD","turquoise",0.562,-0.211,"status_Tumor",0.119
"SRL","turquoise",0.562,-0.139,"status_Tumor",0.078
"DUSP1","turquoise",0.561,-0.389,"status_Tumor",0.218
"AK5","turquoise",0.561,-0.251,"status_Tumor",0.141
"LINC00689","turquoise",0.561,-0.217,"status_Tumor",0.122
"OSR1","turquoise",0.561,-0.199,"status_Tumor",0.112
"PCDHB12","turquoise",0.561,-0.014,"status_Tumor",0.008
"SMARCA1","turquoise",0.56,-0.155,"status_Tumor",0.087
"LINC01581","turquoise",0.56,-0.039,"status_Tumor",0.022
"WFDC1","turquoise",0.559,-0.299,"status_Tumor",0.167
"ACSM5","turquoise",0.559,-0.248,"status_Tumor",0.139
"CYP27C1","turquoise",0.559,-0.118,"status_Tumor",0.066
"KLHL33","turquoise",0.559,-0.117,"status_Tumor",0.065
"FMOD","turquoise",0.559,-0.107,"status_Tumor",0.06
"PLEKHH2","turquoise",0.559,-0.026,"status_Tumor",0.015
"DPYSL5","turquoise",0.559,0.022,"status_Tumor",0.012
"VAT1L","turquoise",0.558,-0.246,"status_Tumor",0.137
"ZNF793","turquoise",0.558,-0.22,"status_Tumor",0.123
"KLHL13","turquoise",0.558,-0.213,"status_Tumor",0.119
"NANOS1","turquoise",0.558,-0.202,"status_Tumor",0.113
"C14orf39","turquoise",0.558,-0.191,"status_Tumor",0.107
"ANKRD29","turquoise",0.557,-0.238,"status_Tumor",0.132
"PCDHGB5","turquoise",0.557,-0.2,"status_Tumor",0.111
"PCDHGA4","turquoise",0.557,-0.098,"status_Tumor",0.055
"IL17RD","turquoise",0.557,-0.044,"status_Tumor",0.024
"CACNA1C-AS4","turquoise",0.557,0.026,"status_Tumor",0.014
"PCDH7","turquoise",0.556,-0.163,"status_Tumor",0.091
"LEFTY2","turquoise",0.556,-0.059,"status_Tumor",0.033
"CYP11A1","turquoise",0.555,-0.321,"status_Tumor",0.178
"PTPRD","turquoise",0.555,-0.2,"status_Tumor",0.111
"SEMA3E","turquoise",0.555,-0.183,"status_Tumor",0.102
"FZD7","turquoise",0.555,-0.095,"status_Tumor",0.052
"ADAMTSL4","turquoise",0.554,-0.279,"status_Tumor",0.155
"HEYL","turquoise",0.554,0.24,"status_Tumor",0.133
"IL34","turquoise",0.554,-0.191,"status_Tumor",0.106
"KLHL29","turquoise",0.554,-0.001,"status_Tumor",0.001
"PCOLCE2","turquoise",0.553,-0.343,"status_Tumor",0.19
"TRIM58","turquoise",0.553,-0.251,"status_Tumor",0.139
"ARHGAP28","turquoise",0.553,-0.197,"status_Tumor",0.109
"GDNF","turquoise",0.553,-0.196,"status_Tumor",0.108
"PLAGL1","turquoise",0.553,-0.141,"status_Tumor",0.078
"GPX7","turquoise",0.553,-0.09,"status_Tumor",0.05
"STK32B","turquoise",0.552,-0.321,"status_Tumor",0.177
"ABCA10","turquoise",0.552,-0.135,"status_Tumor",0.075
"GALNT13","turquoise",0.552,-0.091,"status_Tumor",0.05
"LY6H","turquoise",0.551,-0.359,"status_Tumor",0.198
"ST8SIA3","turquoise",0.551,-0.276,"status_Tumor",0.152
"CYTL1","turquoise",0.551,-0.269,"status_Tumor",0.148
"CDH2","turquoise",0.55,-0.101,"status_Tumor",0.055
"LRRC2","turquoise",0.549,-0.25,"status_Tumor",0.137
"FLG-AS1","turquoise",0.549,-0.204,"status_Tumor",0.112
"MAOB","turquoise",0.548,-0.321,"status_Tumor",0.176
"ITM2A","turquoise",0.548,-0.317,"status_Tumor",0.174
"CADM1","turquoise",0.548,-0.19,"status_Tumor",0.104
"PRND","turquoise",0.548,0.143,"status_Tumor",0.079
"CIMAP3","turquoise",0.547,-0.169,"status_Tumor",0.093
"TMEM132E","turquoise",0.547,-0.113,"status_Tumor",0.062
"ADGRL3","turquoise",0.546,-0.279,"status_Tumor",0.152
"ZNF347","turquoise",0.546,-0.148,"status_Tumor",0.081
"HGF","turquoise",0.546,0.032,"status_Tumor",0.018
"S100B","turquoise",0.545,-0.422,"status_Tumor",0.23
"SRSF12","turquoise",0.545,-0.008,"status_Tumor",0.004
"EPB41L3","turquoise",0.544,-0.307,"status_Tumor",0.167
"SEMA6D","turquoise",0.544,-0.276,"status_Tumor",0.15
"KCNS2","turquoise",0.544,-0.169,"status_Tumor",0.092
"SERTAD4","turquoise",0.544,-0.157,"status_Tumor",0.086
"NTRK2","turquoise",0.544,-0.14,"status_Tumor",0.076
"USP2","turquoise",0.543,-0.391,"status_Tumor",0.212
"MATN2","turquoise",0.543,-0.247,"status_Tumor",0.134
"L1CAM","turquoise",0.543,-0.163,"status_Tumor",0.089
"KCTD12","turquoise",0.543,-0.056,"status_Tumor",0.031
"CTNND2","turquoise",0.542,-0.141,"status_Tumor",0.077
"HDC","turquoise",0.541,-0.362,"status_Tumor",0.196
"KCND3","turquoise",0.541,-0.221,"status_Tumor",0.12
"HAS1","turquoise",0.54,-0.138,"status_Tumor",0.075
"BAG2","turquoise",0.54,-0.086,"status_Tumor",0.047
"FGF5","turquoise",0.54,0.037,"status_Tumor",0.02
"RIMS3","turquoise",0.539,-0.272,"status_Tumor",0.146
"ART4","turquoise",0.539,-0.122,"status_Tumor",0.066
"CPA3","turquoise",0.538,-0.255,"status_Tumor",0.138
"NR4A3","turquoise",0.537,-0.255,"status_Tumor",0.137
"SCN3A","turquoise",0.537,-0.244,"status_Tumor",0.131
"APCDD1L","turquoise",0.536,-0.158,"status_Tumor",0.085
"TMEM200C","turquoise",0.536,-0.096,"status_Tumor",0.051
"KCNG1","turquoise",0.535,-0.079,"status_Tumor",0.042
"ADIPOQ","turquoise",0.533,-0.326,"status_Tumor",0.174
"FAM163A","turquoise",0.533,-0.211,"status_Tumor",0.113
"HOXB4","turquoise",0.533,-0.15,"status_Tumor",0.08
"PPFIA2","turquoise",0.533,0.047,"status_Tumor",0.025
"SH3GL2","turquoise",0.531,-0.488,"status_Tumor",0.259
"CHD5","turquoise",0.531,-0.161,"status_Tumor",0.085
"SERPINE2","turquoise",0.531,-0.031,"status_Tumor",0.016
"PPP1R3G","turquoise",0.53,-0.314,"status_Tumor",0.166
"SLC14A1","turquoise",0.53,-0.163,"status_Tumor",0.086
"BRINP3","turquoise",0.53,-0.105,"status_Tumor",0.055
"CLGN","turquoise",0.529,-0.19,"status_Tumor",0.1
"PCDHA10","turquoise",0.529,-0.146,"status_Tumor",0.077
"LRRC55","turquoise",0.528,-0.035,"status_Tumor",0.019
"CERS4","turquoise",0.527,-0.281,"status_Tumor",0.148
"SLC30A8","turquoise",0.527,-0.226,"status_Tumor",0.119
"KIF1A","turquoise",0.527,-0.192,"status_Tumor",0.101
"TMEM179","turquoise",0.527,-0.153,"status_Tumor",0.081
"TMEM25","turquoise",0.526,-0.366,"status_Tumor",0.193
"CLSTN2","turquoise",0.526,-0.204,"status_Tumor",0.107
"RAB34","turquoise",0.524,-0.119,"status_Tumor",0.062
"HOPX","turquoise",0.524,-0.099,"status_Tumor",0.052
"PCSK1","turquoise",0.523,-0.205,"status_Tumor",0.107
"CFD","turquoise",0.522,-0.502,"status_Tumor",0.262
"PTPRN","turquoise",0.521,-0.221,"status_Tumor",0.115
"SACS-AS1","turquoise",0.52,-0.124,"status_Tumor",0.065
"MACROH2A2","turquoise",0.518,-0.229,"status_Tumor",0.119
"DIO3OS","turquoise",0.518,-0.196,"status_Tumor",0.101
"ZNF43","turquoise",0.518,-0.143,"status_Tumor",0.074
"TYRP1","turquoise",0.518,0.062,"status_Tumor",0.032
"TRPM3","turquoise",0.517,-0.161,"status_Tumor",0.083
"KCNS3","turquoise",0.517,-0.117,"status_Tumor",0.06
"ZFP92","turquoise",0.517,0.036,"status_Tumor",0.019
"PCDHGA7","turquoise",0.516,-0.118,"status_Tumor",0.061
"PTGDS","turquoise",0.515,-0.257,"status_Tumor",0.132
"CDKN1C","turquoise",0.515,-0.229,"status_Tumor",0.118
"PTPRT","turquoise",0.515,-0.1,"status_Tumor",0.051
"CYP39A1","turquoise",0.514,-0.207,"status_Tumor",0.107
"LOC112267871","turquoise",0.513,-0.317,"status_Tumor",0.163
"LINC00472","turquoise",0.513,-0.075,"status_Tumor",0.038
"PDGFD","turquoise",0.512,-0.241,"status_Tumor",0.123
"LINC02587","turquoise",0.512,-0.032,"status_Tumor",0.016
"LRRTM3","turquoise",0.51,-0.207,"status_Tumor",0.105
"BEX1","turquoise",0.51,-0.199,"status_Tumor",0.101
"PHYHIPL","turquoise",0.509,-0.097,"status_Tumor",0.049
"PCDHB3","turquoise",0.509,-0.029,"status_Tumor",0.015
"KCNQ4","turquoise",0.508,-0.17,"status_Tumor",0.087
"C4B","turquoise",0.508,0.142,"status_Tumor",0.072
"COL15A1","turquoise",0.508,0.106,"status_Tumor",0.054
"BEX2","turquoise",0.507,-0.263,"status_Tumor",0.134
"ETNK2","turquoise",0.507,-0.162,"status_Tumor",0.082
"PEG10","turquoise",0.507,-0.098,"status_Tumor",0.05
"C2orf74-DT","turquoise",0.507,-0.096,"status_Tumor",0.049
"SHC2","turquoise",0.506,-0.126,"status_Tumor",0.064
"SLITRK6","turquoise",0.505,-0.263,"status_Tumor",0.133
"WASF1","turquoise",0.505,-0.075,"status_Tumor",0.038
"DPYSL4","turquoise",0.505,0.053,"status_Tumor",0.027
"LINC02251","turquoise",0.505,-0.029,"status_Tumor",0.015
"ZNF229","turquoise",0.504,-0.226,"status_Tumor",0.114
"ABCB1","turquoise",0.504,-0.158,"status_Tumor",0.08
"C4A","turquoise",0.504,0.141,"status_Tumor",0.071
"LOC101928266","turquoise",0.504,-0.137,"status_Tumor",0.069
"SLC9A7P1","turquoise",0.504,0.006,"status_Tumor",0.003
"FUZ","turquoise",0.503,-0.267,"status_Tumor",0.134
"TAC3","turquoise",0.503,-0.185,"status_Tumor",0.093
"LINC00654","turquoise",0.503,-0.029,"status_Tumor",0.014
"RGN","turquoise",0.502,-0.285,"status_Tumor",0.143
"HTR2B","turquoise",0.502,-0.135,"status_Tumor",0.068
"TRIL","turquoise",0.502,-0.118,"status_Tumor",0.06
"CCDC180","turquoise",0.502,-0.019,"status_Tumor",0.01
"ZNF665","turquoise",0.501,-0.131,"status_Tumor",0.066
"PDE10A","turquoise",0.501,0.002,"status_Tumor",0.001
"KCNJ12","turquoise",0.5,-0.168,"status_Tumor",0.084
"SPTBN4","turquoise",0.5,-0.164,"status_Tumor",0.082
"TFPI2","turquoise",0.5,-0.046,"status_Tumor",0.023
"CHAT","turquoise",0.499,-0.23,"status_Tumor",0.115
"IGFN1","turquoise",0.499,0.182,"status_Tumor",0.091
"LANCL3","turquoise",0.498,-0.327,"status_Tumor",0.163
"ZNF285","turquoise",0.498,-0.225,"status_Tumor",0.112
"ST8SIA2","turquoise",0.498,0.149,"status_Tumor",0.074
"CREB5","turquoise",0.498,-0.074,"status_Tumor",0.037
"MYO16","turquoise",0.498,-0.052,"status_Tumor",0.026
"CTTNBP2","turquoise",0.497,-0.248,"status_Tumor",0.123
"CPAMD8","turquoise",0.497,-0.155,"status_Tumor",0.077
"WNT6","turquoise",0.496,-0.29,"status_Tumor",0.144
"UST","turquoise",0.496,-0.234,"status_Tumor",0.116
"FZD8","turquoise",0.496,-0.047,"status_Tumor",0.023
"RGS11","turquoise",0.495,-0.265,"status_Tumor",0.131
"FZD10-AS1","turquoise",0.495,-0.189,"status_Tumor",0.094
"NPTX2","turquoise",0.495,-0.134,"status_Tumor",0.066
"CD109","turquoise",0.495,-0.005,"status_Tumor",0.003
"CNTN3","turquoise",0.494,-0.273,"status_Tumor",0.135
"THSD4","turquoise",0.493,-0.333,"status_Tumor",0.164
"CCDC106","turquoise",0.492,-0.263,"status_Tumor",0.13
"ENTREP2","turquoise",0.492,-0.249,"status_Tumor",0.123
"VSTM2L","turquoise",0.492,-0.179,"status_Tumor",0.088
"FSTL5","turquoise",0.492,-0.098,"status_Tumor",0.048
"CLEC3A","turquoise",0.49,-0.254,"status_Tumor",0.124
"SLC16A2","turquoise",0.49,-0.11,"status_Tumor",0.054
"GAMT","turquoise",0.489,-0.322,"status_Tumor",0.158
"RNF212","turquoise",0.489,-0.179,"status_Tumor",0.088
"CCN1","turquoise",0.489,-0.103,"status_Tumor",0.05
"DEPP1","turquoise",0.489,0.043,"status_Tumor",0.021
"CELF2-AS2","turquoise",0.487,-0.059,"status_Tumor",0.029
"ACOX2","turquoise",0.486,-0.345,"status_Tumor",0.167
"ZNF549","turquoise",0.486,-0.123,"status_Tumor",0.06
"CECR2","turquoise",0.486,-0.117,"status_Tumor",0.057
"ADGRB2","turquoise",0.486,-0.08,"status_Tumor",0.039
"ELAPOR2","turquoise",0.486,-0.051,"status_Tumor",0.025
"PCDHAC2","turquoise",0.486,-0.034,"status_Tumor",0.016
"NRN1","turquoise",0.485,-0.251,"status_Tumor",0.122
"LINC01088","turquoise",0.485,-0.226,"status_Tumor",0.109
"DNER","turquoise",0.484,-0.353,"status_Tumor",0.171
"TPSAB1","turquoise",0.484,-0.281,"status_Tumor",0.136
"CAPN6","turquoise",0.484,-0.13,"status_Tumor",0.063
"SELENOP","turquoise",0.483,-0.335,"status_Tumor",0.162
"DCHS2","turquoise",0.482,-0.207,"status_Tumor",0.1
"RIMS2","turquoise",0.482,-0.112,"status_Tumor",0.054
"SLC7A2","turquoise",0.482,-0.08,"status_Tumor",0.039
"MAL","turquoise",0.481,-0.553,"status_Tumor",0.266
"ARC","turquoise",0.481,-0.345,"status_Tumor",0.166
"THRB","turquoise",0.48,-0.188,"status_Tumor",0.09
"TCF23","turquoise",0.48,0.14,"status_Tumor",0.067
"EFHC2","turquoise",0.479,-0.257,"status_Tumor",0.123
"PCDH11Y","turquoise",0.479,-0.187,"status_Tumor",0.089
"GLDN","turquoise",0.479,-0.11,"status_Tumor",0.053
"EML5","turquoise",0.478,-0.243,"status_Tumor",0.116
"PLPPR5","turquoise",0.478,-0.142,"status_Tumor",0.068
"KLHL14","turquoise",0.478,-0.105,"status_Tumor",0.05
"LINC01116","turquoise",0.478,-0.062,"status_Tumor",0.029
"ZBTB10","turquoise",0.478,0.043,"status_Tumor",0.02
"IQCN","turquoise",0.477,-0.261,"status_Tumor",0.125
"CLCNKB","turquoise",0.477,-0.126,"status_Tumor",0.06
"AQP1","turquoise",0.477,-0.097,"status_Tumor",0.046
"FBXO27","turquoise",0.476,-0.275,"status_Tumor",0.131
"PHLDA3","turquoise",0.476,-0.114,"status_Tumor",0.054
"B4GALNT1","turquoise",0.476,0.02,"status_Tumor",0.01
"P3H2","turquoise",0.475,-0.307,"status_Tumor",0.146
"PROS1","turquoise",0.475,-0.076,"status_Tumor",0.036
"CHGB","turquoise",0.472,-0.259,"status_Tumor",0.122
"IGSF1","turquoise",0.472,-0.156,"status_Tumor",0.074
"CELF4","turquoise",0.472,-0.144,"status_Tumor",0.068
"SPIRE1","turquoise",0.472,-0.079,"status_Tumor",0.037
"PCP4","turquoise",0.471,-0.228,"status_Tumor",0.107
"ARHGEF4","turquoise",0.47,-0.212,"status_Tumor",0.1
"SCD5","turquoise",0.47,-0.155,"status_Tumor",0.073
"ZNF606-AS1","turquoise",0.47,-0.099,"status_Tumor",0.047
"JPH3","turquoise",0.469,-0.219,"status_Tumor",0.103
"ENAM","turquoise",0.468,-0.272,"status_Tumor",0.127
"PTPRZ1","turquoise",0.467,-0.293,"status_Tumor",0.137
"NUPR1","turquoise",0.467,-0.261,"status_Tumor",0.122
"RBM11","turquoise",0.467,-0.233,"status_Tumor",0.109
"GLP1R","turquoise",0.467,-0.15,"status_Tumor",0.07
"ZNF256","turquoise",0.466,-0.18,"status_Tumor",0.084
"FABP3","turquoise",0.465,-0.071,"status_Tumor",0.033
"TPSB2","turquoise",0.464,-0.255,"status_Tumor",0.118
"KIF19","turquoise",0.464,-0.178,"status_Tumor",0.083
"ACADL","turquoise",0.463,-0.395,"status_Tumor",0.183
"UNC13C","turquoise",0.463,-0.18,"status_Tumor",0.083
"KIF6","turquoise",0.463,-0.118,"status_Tumor",0.055
"NMNAT2","turquoise",0.463,-0.035,"status_Tumor",0.016
"C1GALT1C1L","turquoise",0.463,-0.024,"status_Tumor",0.011
"LRAT","turquoise",0.462,-0.285,"status_Tumor",0.132
"GNA14","turquoise",0.462,-0.064,"status_Tumor",0.03
"SFTPD","turquoise",0.461,-0.263,"status_Tumor",0.121
"SLC6A17","turquoise",0.46,-0.213,"status_Tumor",0.098
"SDK1","turquoise",0.46,-0.053,"status_Tumor",0.025
"DAB1","turquoise",0.459,-0.423,"status_Tumor",0.194
"PLIN1","turquoise",0.459,-0.328,"status_Tumor",0.151
"L3MBTL4","turquoise",0.459,-0.302,"status_Tumor",0.139
"NRTN","turquoise",0.459,-0.245,"status_Tumor",0.113
"CUX2","turquoise",0.459,-0.204,"status_Tumor",0.094
"SLC1A7","turquoise",0.459,-0.182,"status_Tumor",0.084
"ZNF704","turquoise",0.459,-0.117,"status_Tumor",0.054
"PLXNB3","turquoise",0.457,-0.15,"status_Tumor",0.069
"ST3GAL4","turquoise",0.456,-0.147,"status_Tumor",0.067
"GASK1B-AS1","turquoise",0.456,0.07,"status_Tumor",0.032
"MMP17","turquoise",0.456,-0.031,"status_Tumor",0.014
"PAPPA2","turquoise",0.455,-0.212,"status_Tumor",0.096
"CCDC169","turquoise",0.455,-0.16,"status_Tumor",0.073
"AQP4","turquoise",0.454,-0.536,"status_Tumor",0.243
"GATA2","turquoise",0.454,-0.204,"status_Tumor",0.093
"PARM1","turquoise",0.454,-0.155,"status_Tumor",0.07
"IGSF9B","turquoise",0.454,-0.059,"status_Tumor",0.027
"FRMPD1","turquoise",0.454,-0.052,"status_Tumor",0.024
"SYN1","turquoise",0.454,-0.018,"status_Tumor",0.008
"SPESP1","turquoise",0.452,-0.19,"status_Tumor",0.086
"MLF1","turquoise",0.452,-0.121,"status_Tumor",0.055
"EPDR1","turquoise",0.452,-0.073,"status_Tumor",0.033
"LINC00923","turquoise",0.452,-0.048,"status_Tumor",0.022
"SLC16A4","turquoise",0.452,-0.005,"status_Tumor",0.002
"EGR3","turquoise",0.451,-0.205,"status_Tumor",0.093
"CACNG4","turquoise",0.451,-0.04,"status_Tumor",0.018
"TMEM132B","turquoise",0.45,-0.134,"status_Tumor",0.06
"PLAAT5","turquoise",0.45,-0.104,"status_Tumor",0.047
"CAV2","turquoise",0.45,-0.093,"status_Tumor",0.042
"CIDEA","turquoise",0.449,-0.429,"status_Tumor",0.193
"KCNMB4","turquoise",0.449,-0.094,"status_Tumor",0.042
"RIMS4","turquoise",0.448,-0.277,"status_Tumor",0.124
"CEP15","turquoise",0.448,-0.169,"status_Tumor",0.075
"RAMP1","turquoise",0.448,-0.128,"status_Tumor",0.057
"ABCA3","turquoise",0.448,-0.108,"status_Tumor",0.048
"HOXB2","turquoise",0.448,-0.104,"status_Tumor",0.047
"PCDHB11","turquoise",0.448,0.004,"status_Tumor",0.002
"ADARB2","turquoise",0.447,-0.275,"status_Tumor",0.123
"JAKMIP3","turquoise",0.447,-0.077,"status_Tumor",0.034
"FOXD3-AS1","turquoise",0.446,-0.197,"status_Tumor",0.088
"C11orf87","turquoise",0.446,-0.045,"status_Tumor",0.02
"STXBP5L","turquoise",0.445,-0.185,"status_Tumor",0.082
"CACNB4","turquoise",0.444,-0.138,"status_Tumor",0.061
"RASSF9","turquoise",0.444,-0.076,"status_Tumor",0.034
"PACRG","turquoise",0.443,-0.346,"status_Tumor",0.153
"SGSM1","turquoise",0.443,-0.18,"status_Tumor",0.08
"ARNT2-DT","turquoise",0.442,-0.145,"status_Tumor",0.064
"SLC25A27","turquoise",0.442,-0.07,"status_Tumor",0.031
"EPHB6","turquoise",0.44,-0.255,"status_Tumor",0.112
"FAIM2","turquoise",0.44,-0.238,"status_Tumor",0.105
"TMEM178B","turquoise",0.44,-0.082,"status_Tumor",0.036
"MGAT5B","turquoise",0.44,-0.08,"status_Tumor",0.035
"FOXC2","turquoise",0.439,0.116,"status_Tumor",0.051
"DMRTA1","turquoise",0.438,-0.384,"status_Tumor",0.168
"SCG3","turquoise",0.438,-0.275,"status_Tumor",0.12
"LAMP5","turquoise",0.438,0.089,"status_Tumor",0.039
"LPL","turquoise",0.438,-0.085,"status_Tumor",0.037
"CHADL","turquoise",0.437,-0.367,"status_Tumor",0.161
"CTXND1","turquoise",0.437,-0.358,"status_Tumor",0.156
"CTNNA2","turquoise",0.437,-0.237,"status_Tumor",0.104
"HDAC9","turquoise",0.437,-0.175,"status_Tumor",0.077
"PAK5","turquoise",0.434,-0.282,"status_Tumor",0.123
"AJAP1","turquoise",0.434,-0.17,"status_Tumor",0.074
"CBLN1","turquoise",0.434,-0.169,"status_Tumor",0.073
"SDK2","turquoise",0.434,-0.118,"status_Tumor",0.051
"SYN2","turquoise",0.433,-0.19,"status_Tumor",0.082
"HHIP","turquoise",0.433,-0.137,"status_Tumor",0.059
"VANGL2","turquoise",0.433,-0.124,"status_Tumor",0.054
"GRP","turquoise",0.433,-0.12,"status_Tumor",0.052
"MIR646HG","turquoise",0.433,-0.056,"status_Tumor",0.024
"NYAP1","turquoise",0.432,-0.225,"status_Tumor",0.098
"SEC14L6","turquoise",0.431,-0.169,"status_Tumor",0.073
"PCDH11X","turquoise",0.43,-0.11,"status_Tumor",0.047
"PCDHB6","turquoise",0.43,0.016,"status_Tumor",0.007
"PAIP2B","turquoise",0.429,-0.36,"status_Tumor",0.154
"F10","turquoise",0.429,-0.311,"status_Tumor",0.134
"ABLIM3","turquoise",0.429,-0.181,"status_Tumor",0.078
"LINC01359","turquoise",0.429,0.091,"status_Tumor",0.039
"C1QTNF1","turquoise",0.429,-0.004,"status_Tumor",0.002
"CHRM3","turquoise",0.428,-0.179,"status_Tumor",0.077
"LGALS12","turquoise",0.428,-0.138,"status_Tumor",0.059
"CAMK2B","turquoise",0.427,-0.298,"status_Tumor",0.127
"AIF1L","turquoise",0.427,-0.271,"status_Tumor",0.116
"PCSK1N","turquoise",0.427,-0.171,"status_Tumor",0.073
"CFAP91","turquoise",0.426,-0.153,"status_Tumor",0.065
"SHC3","turquoise",0.426,-0.091,"status_Tumor",0.039
"ARNT2","turquoise",0.426,-0.088,"status_Tumor",0.037
"SEMA3C","turquoise",0.426,-0.055,"status_Tumor",0.023
"CBLN4","turquoise",0.426,0.038,"status_Tumor",0.016
"SOX5-AS1","turquoise",0.426,-0.021,"status_Tumor",0.009
"FOSB","turquoise",0.424,-0.291,"status_Tumor",0.123
"SNPH","turquoise",0.424,-0.263,"status_Tumor",0.111
"BSN","turquoise",0.423,-0.038,"status_Tumor",0.016
"GMPR","turquoise",0.422,-0.175,"status_Tumor",0.074
"SEMA6A","turquoise",0.422,-0.128,"status_Tumor",0.054
"TMEM220","turquoise",0.421,-0.357,"status_Tumor",0.15
"ZNF512B","turquoise",0.421,-0.172,"status_Tumor",0.073
"TBX18","turquoise",0.421,0.044,"status_Tumor",0.018
"NFIA-AS2","turquoise",0.42,0.046,"status_Tumor",0.019
"HS6ST2","turquoise",0.419,-0.142,"status_Tumor",0.059
"CACNA1B","turquoise",0.419,-0.025,"status_Tumor",0.011
"RIMBP2","turquoise",0.418,-0.218,"status_Tumor",0.091
"BRINP1","turquoise",0.418,-0.146,"status_Tumor",0.061
"SCG5","turquoise",0.418,-0.091,"status_Tumor",0.038
"ZNF257","turquoise",0.418,-0.089,"status_Tumor",0.037
"FNDC4","turquoise",0.417,-0.267,"status_Tumor",0.111
"WIPF3","turquoise",0.417,-0.197,"status_Tumor",0.082
"PCDHAC1","turquoise",0.417,0.018,"status_Tumor",0.007
"MMP24","turquoise",0.417,0.018,"status_Tumor",0.007
"C4orf54","turquoise",0.416,0.018,"status_Tumor",0.007
"BNIP3","turquoise",0.415,-0.287,"status_Tumor",0.119
"MTSS1","turquoise",0.415,-0.208,"status_Tumor",0.086
"LRRIQ1","turquoise",0.415,-0.061,"status_Tumor",0.025
"FAM149A","turquoise",0.412,-0.282,"status_Tumor",0.116
"LRRN1","turquoise",0.412,-0.032,"status_Tumor",0.013
"SYT1","turquoise",0.412,0.01,"status_Tumor",0.004
"RUNDC3A","turquoise",0.411,-0.18,"status_Tumor",0.074
"BCAM","turquoise",0.411,-0.067,"status_Tumor",0.027
"CHST9","turquoise",0.409,-0.246,"status_Tumor",0.1
"SRPK3","turquoise",0.408,-0.101,"status_Tumor",0.041
"FAM135B","turquoise",0.407,-0.389,"status_Tumor",0.158
"FLG","turquoise",0.407,-0.28,"status_Tumor",0.114
"TIMP4","turquoise",0.407,-0.232,"status_Tumor",0.094
"LOC107987423","turquoise",0.406,-0.201,"status_Tumor",0.082
"LOC101928834","turquoise",0.406,-0.178,"status_Tumor",0.072
"STK33","turquoise",0.406,-0.131,"status_Tumor",0.053
"GABRG2","turquoise",0.406,-0.093,"status_Tumor",0.038
"GRIP1","turquoise",0.405,-0.154,"status_Tumor",0.063
"LINC02609","turquoise",0.405,-0.121,"status_Tumor",0.049
"PTP4A3","turquoise",0.405,0.04,"status_Tumor",0.016
"LUZP2","turquoise",0.405,-0.002,"status_Tumor",0.001
"ENPP6","turquoise",0.404,-0.434,"status_Tumor",0.175
"PFN2","turquoise",0.404,-0.051,"status_Tumor",0.021
"LINC02269","turquoise",0.404,-0.015,"status_Tumor",0.006
"EGR1","turquoise",0.402,-0.251,"status_Tumor",0.101
"CRABP1","turquoise",0.402,-0.071,"status_Tumor",0.029
"PITPNM3","turquoise",0.401,-0.316,"status_Tumor",0.127
"CNTFR","turquoise",0.4,-0.356,"status_Tumor",0.143
"CPNE6","turquoise",0.4,-0.324,"status_Tumor",0.13
"TPSG1","turquoise",0.4,-0.318,"status_Tumor",0.127
"ENTREP1","turquoise",0.4,-0.288,"status_Tumor",0.115
"EFR3B","turquoise",0.4,0.022,"status_Tumor",0.009
"ADAMTS15","turquoise",0.399,-0.268,"status_Tumor",0.107
"ERBB4","turquoise",0.399,-0.182,"status_Tumor",0.073
"FBLL1","turquoise",0.399,-0.163,"status_Tumor",0.065
"MYH2","turquoise",0.399,-0.075,"status_Tumor",0.03
"SLC25A21-AS1","turquoise",0.398,-0.209,"status_Tumor",0.083
"GPC3","turquoise",0.398,-0.011,"status_Tumor",0.004
"ZNF595","turquoise",0.397,-0.208,"status_Tumor",0.083
"CD207","turquoise",0.397,-0.184,"status_Tumor",0.073
"POPDC3","turquoise",0.397,-0.176,"status_Tumor",0.07
"ZNF334","turquoise",0.395,-0.088,"status_Tumor",0.035
"ABCC8","turquoise",0.394,-0.278,"status_Tumor",0.11
"HCN1","turquoise",0.394,-0.15,"status_Tumor",0.059
"ADGRG2","turquoise",0.393,-0.273,"status_Tumor",0.107
"NTF3","turquoise",0.392,-0.286,"status_Tumor",0.112
"SGCZ","turquoise",0.392,-0.13,"status_Tumor",0.051
"CCDC74B","turquoise",0.391,-0.072,"status_Tumor",0.028
"ENPP3","turquoise",0.39,-0.389,"status_Tumor",0.152
"SHISA6","turquoise",0.39,-0.281,"status_Tumor",0.109
"TMEM61","turquoise",0.39,-0.239,"status_Tumor",0.093
"TUBB2B","turquoise",0.39,-0.187,"status_Tumor",0.073
"RBP1","turquoise",0.39,-0.179,"status_Tumor",0.07
"NKD1","turquoise",0.389,-0.104,"status_Tumor",0.04
"TSPOAP1","turquoise",0.388,-0.197,"status_Tumor",0.076
"GRID2","turquoise",0.387,-0.269,"status_Tumor",0.104
"PLAAT1","turquoise",0.387,-0.197,"status_Tumor",0.076
"CPB1","turquoise",0.386,-0.364,"status_Tumor",0.14
"RYR1","turquoise",0.386,-0.127,"status_Tumor",0.049
"MT1M","turquoise",0.385,-0.447,"status_Tumor",0.172
"ZNF311","turquoise",0.384,-0.19,"status_Tumor",0.073
"ADRA1B","turquoise",0.383,-0.15,"status_Tumor",0.057
"CXXC4","turquoise",0.382,-0.068,"status_Tumor",0.026
"NXPE2","turquoise",0.382,-0.037,"status_Tumor",0.014
"EPIST","turquoise",0.38,-0.476,"status_Tumor",0.181
"SEC14L5","turquoise",0.379,-0.289,"status_Tumor",0.11
"SFRP5","turquoise",0.378,-0.299,"status_Tumor",0.113
"SLAIN1","turquoise",0.377,-0.192,"status_Tumor",0.073
"SST","turquoise",0.376,-0.35,"status_Tumor",0.132
"CCL23","turquoise",0.376,-0.222,"status_Tumor",0.083
"APOBEC2","turquoise",0.375,-0.397,"status_Tumor",0.149
"KLF2","turquoise",0.375,-0.338,"status_Tumor",0.127
"ZNF793-AS1","turquoise",0.375,-0.229,"status_Tumor",0.086
"CFAP221","turquoise",0.375,-0.164,"status_Tumor",0.062
"ZNF365","turquoise",0.375,-0.071,"status_Tumor",0.026
"SNCAIP","turquoise",0.375,-0.045,"status_Tumor",0.017
"MTCL1","turquoise",0.375,-0.001,"status_Tumor",0
"TBX1","turquoise",0.374,-0.186,"status_Tumor",0.07
"FAM153A","turquoise",0.373,-0.211,"status_Tumor",0.079
"ADGRG4","turquoise",0.372,-0.382,"status_Tumor",0.142
"DUSP5","turquoise",0.372,-0.367,"status_Tumor",0.136
"PRRG3","turquoise",0.372,-0.193,"status_Tumor",0.072
"PCDHA13","turquoise",0.372,-0.045,"status_Tumor",0.017
"XPNPEP2","turquoise",0.37,-0.249,"status_Tumor",0.092
"TRMT9B","turquoise",0.37,-0.158,"status_Tumor",0.058
"NDST4","turquoise",0.369,-0.26,"status_Tumor",0.096
"PCLO","turquoise",0.369,-0.148,"status_Tumor",0.055
"CCBE1","turquoise",0.368,-0.263,"status_Tumor",0.097
"PGPEP1L","turquoise",0.367,-0.172,"status_Tumor",0.063
"CDK5R2","turquoise",0.366,-0.148,"status_Tumor",0.054
"NDP","turquoise",0.366,-0.079,"status_Tumor",0.029
"MED12L","turquoise",0.365,0.062,"status_Tumor",0.023
"ESPNL","turquoise",0.365,-0.043,"status_Tumor",0.016
"LINC01535","turquoise",0.365,-0.042,"status_Tumor",0.015
"PPM1E","turquoise",0.364,0.023,"status_Tumor",0.008
"ENTPD3","turquoise",0.363,-0.346,"status_Tumor",0.126
"LINC01750","turquoise",0.362,-0.185,"status_Tumor",0.067
"ZNF772","turquoise",0.362,-0.003,"status_Tumor",0.001
"HSPB1","turquoise",0.361,-0.22,"status_Tumor",0.079
"SPMIP5","turquoise",0.361,-0.181,"status_Tumor",0.065
"VSTM2A","turquoise",0.36,-0.502,"status_Tumor",0.181
"APCDD1","turquoise",0.36,-0.222,"status_Tumor",0.08
"ESRRG","turquoise",0.359,-0.463,"status_Tumor",0.166
"OTOGL","turquoise",0.359,0.033,"status_Tumor",0.012
"HTR3A","turquoise",0.358,-0.13,"status_Tumor",0.046
"DANT2","turquoise",0.357,-0.104,"status_Tumor",0.037
"ADAM22","turquoise",0.357,0.094,"status_Tumor",0.034
"SPAG16","turquoise",0.356,-0.302,"status_Tumor",0.107
"MPV17L","turquoise",0.356,-0.15,"status_Tumor",0.053
"IGF2","turquoise",0.354,0.061,"status_Tumor",0.022
"SCN5A","turquoise",0.354,-0.024,"status_Tumor",0.009
"TMEM63C","turquoise",0.353,-0.311,"status_Tumor",0.11
"PWWP3B","turquoise",0.353,-0.187,"status_Tumor",0.066
"THNSL2","turquoise",0.352,-0.173,"status_Tumor",0.061
"CCND2","turquoise",0.352,-0.076,"status_Tumor",0.027
"PPFIA4","turquoise",0.352,-0.008,"status_Tumor",0.003
"CLCNKA","turquoise",0.351,-0.332,"status_Tumor",0.116
"SMTNL2","turquoise",0.351,-0.098,"status_Tumor",0.034
"CCDC141","turquoise",0.351,0.032,"status_Tumor",0.011
"SLC51B","turquoise",0.35,-0.278,"status_Tumor",0.097
"FRG1CP","turquoise",0.35,-0.017,"status_Tumor",0.006
"KBTBD12","turquoise",0.349,-0.213,"status_Tumor",0.074
"RTN4RL1","turquoise",0.349,-0.126,"status_Tumor",0.044
"DOC2B","turquoise",0.349,-0.104,"status_Tumor",0.036
"SCX","turquoise",0.348,0.015,"status_Tumor",0.005
"SCTR","turquoise",0.347,-0.271,"status_Tumor",0.094
"RGS6","turquoise",0.347,-0.128,"status_Tumor",0.045
"PCDH8","turquoise",0.346,-0.061,"status_Tumor",0.021
"DIO2","turquoise",0.345,0.172,"status_Tumor",0.059
"OPTC","turquoise",0.345,-0.051,"status_Tumor",0.018
"GRIA4","turquoise",0.343,-0.413,"status_Tumor",0.142
"GCNT2","turquoise",0.343,-0.294,"status_Tumor",0.101
"LRMDA","turquoise",0.343,-0.162,"status_Tumor",0.055
"ALDH1L1","turquoise",0.341,-0.229,"status_Tumor",0.078
"PLA2R1","turquoise",0.339,-0.049,"status_Tumor",0.017
"GSTT2B","turquoise",0.339,-0.005,"status_Tumor",0.002
"IP6K3","turquoise",0.338,-0.362,"status_Tumor",0.122
"ZNF736","turquoise",0.338,-0.028,"status_Tumor",0.01
"RASL11A","turquoise",0.337,-0.226,"status_Tumor",0.076
"MIR4500HG","turquoise",0.336,0.003,"status_Tumor",0.001
"CELF3","turquoise",0.335,-0.231,"status_Tumor",0.078
"NAT8L","turquoise",0.335,-0.084,"status_Tumor",0.028
"GNG4","turquoise",0.333,-0.171,"status_Tumor",0.057
"CLEC2L","turquoise",0.333,0.088,"status_Tumor",0.029
"HOMER2","turquoise",0.332,-0.321,"status_Tumor",0.107
"NKAIN2","turquoise",0.332,-0.005,"status_Tumor",0.002
"CHGA","turquoise",0.33,-0.327,"status_Tumor",0.108
"SMIM1","turquoise",0.33,-0.236,"status_Tumor",0.078
"ZNF503","turquoise",0.33,-0.115,"status_Tumor",0.038
"LINC00632","turquoise",0.329,-0.136,"status_Tumor",0.045
"ZNF737","turquoise",0.328,-0.138,"status_Tumor",0.045
"RAB36","turquoise",0.328,0.007,"status_Tumor",0.002
"DDO","turquoise",0.327,-0.259,"status_Tumor",0.085
"ZNF541","turquoise",0.327,-0.011,"status_Tumor",0.004
"COLGALT2","turquoise",0.326,-0.072,"status_Tumor",0.023
"SLC35F3","turquoise",0.325,-0.222,"status_Tumor",0.072
"BHMT","turquoise",0.324,-0.266,"status_Tumor",0.086
"NKAIN1","turquoise",0.324,-0.031,"status_Tumor",0.01
"IRX1","turquoise",0.322,-0.151,"status_Tumor",0.048
"TDRD9","turquoise",0.321,-0.052,"status_Tumor",0.017
"GABBR2","turquoise",0.321,-0.017,"status_Tumor",0.005
"IRX6","turquoise",0.32,-0.265,"status_Tumor",0.085
"SLC2A12","turquoise",0.319,-0.348,"status_Tumor",0.111
"IGFBPL1","turquoise",0.319,-0.02,"status_Tumor",0.006
"CPLX2","turquoise",0.318,-0.227,"status_Tumor",0.072
"PTGER2","turquoise",0.318,-0.157,"status_Tumor",0.05
"SUSD2","turquoise",0.316,-0.167,"status_Tumor",0.053
"ADCY1","turquoise",0.316,0.025,"status_Tumor",0.008
"ABCG2","turquoise",0.314,-0.247,"status_Tumor",0.078
"DIRAS2","turquoise",0.314,-0.186,"status_Tumor",0.058
"ACSL6","turquoise",0.312,-0.186,"status_Tumor",0.058
"ZNF578","turquoise",0.312,0.029,"status_Tumor",0.009
"FEV","turquoise",0.31,-0.258,"status_Tumor",0.08
"TPSD1","turquoise",0.31,-0.23,"status_Tumor",0.071
"ZNF682","turquoise",0.31,-0.105,"status_Tumor",0.032
"AKR1C1","turquoise",0.309,-0.418,"status_Tumor",0.129
"EEF1A2","turquoise",0.309,-0.283,"status_Tumor",0.087
"NELL1","turquoise",0.309,-0.218,"status_Tumor",0.067
"CPA1","turquoise",0.308,-0.243,"status_Tumor",0.075
"CDH22","turquoise",0.307,-0.365,"status_Tumor",0.112
"BHLHE41","turquoise",0.307,0.036,"status_Tumor",0.011
"SCGN","turquoise",0.306,-0.236,"status_Tumor",0.072
"ARHGEF10","turquoise",0.306,0.065,"status_Tumor",0.02
"TEX15","turquoise",0.305,-0.114,"status_Tumor",0.035
"MT1A","turquoise",0.304,-0.384,"status_Tumor",0.117
"AMER3","turquoise",0.303,-0.171,"status_Tumor",0.052
"GREB1L","turquoise",0.302,-0.069,"status_Tumor",0.021
"FAM178B","turquoise",0.301,-0.06,"status_Tumor",0.018
"FAM131B","turquoise",0.3,0.022,"status_Tumor",0.006
"CLDN10","turquoise",0.298,-0.19,"status_Tumor",0.057
"RASD1","turquoise",0.298,-0.134,"status_Tumor",0.04
"FREM2","turquoise",0.297,0.007,"status_Tumor",0.002
"SLC16A9","turquoise",0.295,-0.297,"status_Tumor",0.088
"XG","turquoise",0.294,-0.16,"status_Tumor",0.047
"PIPOX","turquoise",0.293,-0.171,"status_Tumor",0.05
"GALNT8","turquoise",0.293,-0.121,"status_Tumor",0.036
"NALF2","turquoise",0.293,-0.101,"status_Tumor",0.03
"KIAA0087","turquoise",0.293,-0.002,"status_Tumor",0.001
"ADRA2C","turquoise",0.292,-0.025,"status_Tumor",0.007
"LNC-LBCS","turquoise",0.291,-0.208,"status_Tumor",0.06
"H3-7","turquoise",0.291,-0.062,"status_Tumor",0.018
"APLP1","turquoise",0.289,-0.224,"status_Tumor",0.065
"LINC00842","turquoise",0.288,-0.144,"status_Tumor",0.042
"LRRC43","turquoise",0.288,0.099,"status_Tumor",0.028
"CCDC60","turquoise",0.287,-0.114,"status_Tumor",0.033
"SCN2A","turquoise",0.286,0.042,"status_Tumor",0.012
"CALCA","turquoise",0.286,0.004,"status_Tumor",0.001
"FGF9","turquoise",0.284,-0.067,"status_Tumor",0.019
"KNDC1","turquoise",0.283,-0.047,"status_Tumor",0.013
"IL1RAPL2","turquoise",0.283,-0.008,"status_Tumor",0.002
"SOX8","turquoise",0.283,0,"status_Tumor",0
"SLC26A7","turquoise",0.282,-0.198,"status_Tumor",0.056
"HCN2","turquoise",0.282,-0.174,"status_Tumor",0.049
"MACROD2","turquoise",0.282,-0.032,"status_Tumor",0.009
"HCN4","turquoise",0.281,-0.173,"status_Tumor",0.048
"TRPM6","turquoise",0.281,-0.054,"status_Tumor",0.015
"KCNF1","turquoise",0.28,-0.017,"status_Tumor",0.005
"LPAR3","turquoise",0.279,-0.269,"status_Tumor",0.075
"SMIM38","turquoise",0.277,-0.374,"status_Tumor",0.104
"NCKAP5","turquoise",0.277,-0.294,"status_Tumor",0.082
"ERICH3","turquoise",0.277,-0.051,"status_Tumor",0.014
"ETNPPL","turquoise",0.276,-0.325,"status_Tumor",0.09
"ARHGDIG","turquoise",0.276,-0.297,"status_Tumor",0.082
"LINC02714","turquoise",0.276,-0.039,"status_Tumor",0.011
"HAGLR","turquoise",0.275,0.018,"status_Tumor",0.005
"C6","turquoise",0.274,-0.141,"status_Tumor",0.039
"PIK3CD-AS2","turquoise",0.273,-0.174,"status_Tumor",0.048
"KRT1","turquoise",0.272,-0.323,"status_Tumor",0.088
"FST","turquoise",0.272,-0.1,"status_Tumor",0.027
"PCDHA11","turquoise",0.272,0.048,"status_Tumor",0.013
"DNAH9","turquoise",0.271,-0.039,"status_Tumor",0.011
"NTS","turquoise",0.269,-0.132,"status_Tumor",0.036
"SMOC1","turquoise",0.269,-0.025,"status_Tumor",0.007
"SOHLH2","turquoise",0.269,-0.021,"status_Tumor",0.006
"UCN3","turquoise",0.268,-0.283,"status_Tumor",0.076
"TMED11P","turquoise",0.268,0.046,"status_Tumor",0.012
"UNC13A","turquoise",0.267,0.139,"status_Tumor",0.037
"CDHR1","turquoise",0.266,-0.203,"status_Tumor",0.054
"DLGAP1","turquoise",0.263,-0.079,"status_Tumor",0.021
"SYCP2L","turquoise",0.262,0.163,"status_Tumor",0.043
"KCNG3","turquoise",0.261,0.169,"status_Tumor",0.044
"PNMA3","turquoise",0.26,0.008,"status_Tumor",0.002
"RGS7","turquoise",0.259,-0.077,"status_Tumor",0.02
"PLEKHG4B","turquoise",0.256,-0.155,"status_Tumor",0.04
"CARNS1","turquoise",0.255,-0.214,"status_Tumor",0.055
"MYO3A","turquoise",0.255,-0.073,"status_Tumor",0.019
"TTYH1","turquoise",0.255,-0.039,"status_Tumor",0.01
"PNMA6A","turquoise",0.252,0.018,"status_Tumor",0.004
"OPRD1","turquoise",0.25,0.022,"status_Tumor",0.005
"WNT10B","turquoise",0.249,-0.157,"status_Tumor",0.039
"NOL4","turquoise",0.249,-0.106,"status_Tumor",0.026
"DRD2","turquoise",0.249,0.016,"status_Tumor",0.004
"CCNJL","turquoise",0.245,-0.145,"status_Tumor",0.036
"LINC01239","turquoise",0.241,-0.074,"status_Tumor",0.018
"FZD10","turquoise",0.234,-0.164,"status_Tumor",0.038
"PCDHA12","turquoise",0.232,0.082,"status_Tumor",0.019
"TRIM50","turquoise",0.231,-0.387,"status_Tumor",0.089
"MYT1","turquoise",0.226,-0.011,"status_Tumor",0.003
"MAGEB17","turquoise",0.225,-0.003,"status_Tumor",0.001
"VTN","turquoise",0.222,-0.016,"status_Tumor",0.004
"HMX3","turquoise",0.2,-0.018,"status_Tumor",0.004
"KCNH3","turquoise",0.199,0.031,"status_Tumor",0.006
"CST6","turquoise",0.193,-0.037,"status_Tumor",0.007
